Time;Speed;Distance;Acceleration;Motor RPM;Ideal Torque;Reduction Loss;Real Torque;Electric Power;eMotor Efficiency;Power Consumption;Battery Internal Resistance;Battery Intensity;Battery OCV;Battery Tension;Battery SOC;Battery Usage Duration;Battery Pulse Duration
0,00;0,00;0,00;0,00;0,00;4,77;0,00;0,00;0,00;0,00;300,00;0,09;1,01;297,75;297,67;0,22;0,00;2,00
1,00;0,00;0,00;0,00;0,00;4,77;0,00;0,00;0,00;0,00;300,00;0,09;1,01;297,75;297,67;0,22;0,00;0,00
2,00;0,00;0,00;0,00;0,00;4,77;0,00;0,00;0,00;0,00;300,00;0,09;1,01;297,75;297,67;0,22;0,00;0,00
3,00;0,89;0,89;0,89;266,77;55,70;48,11;55,72;1556,52;0,51;3355,92;0,09;11,31;297,75;297,67;0,22;0,00;0,00
4,00;2,19;3,08;1,31;658,60;79,64;159,97;79,67;5494,40;0,75;7642,99;0,09;25,87;297,75;296,75;0,22;0,00;0,00
5,00;3,61;6,69;1,42;1083,77;86,17;265,46;86,19;9782,02;0,84;12011,05;0,09;40,86;297,75;295,34;0,22;0,00;0,00
6,00;5,06;11,75;1,44;1517,28;88,00;358,54;88,03;13986,59;0,88;16251,57;0,10;55,59;297,74;293,79;0,22;0,00;0,00
7,00;6,47;18,22;1,42;1942,45;86,73;432,32;86,76;17647,34;0,90;19966,96;0,10;68,66;297,73;292,13;0,22;0,00;0,00
8,00;7,72;25,94;1,25;2317,60;77,54;440,98;77,56;18822,84;0,91;20916,45;0,10;72,08;297,71;290,53;0,22;0,00;0,00
9,00;8,75;34,69;1,03;2626,06;65,14;407,30;65,16;17918,61;0,92;19723,52;0,11;67,94;297,69;289,87;0,22;0,00;0,00
10,00;9,75;44,44;1,00;2926,18;63,92;439,58;63,93;19590,30;0,93;21398,33;0,11;73,95;297,66;290,03;0,22;0,00;0,00
11,00;10,72;55,17;0,97;3217,96;62,72;470,13;62,73;21139,42;0,93;22977,41;0,10;-45,56;297,64;289,89;0,22;0,00;0,00
12,00;11,53;66,69;0,81;3459,73;53,52;425,30;53,54;19396,13;0,93;21053,46;0,09;-51,98;297,62;301,53;0,22;0,00;0,00
13,00;12,11;78,81;0,58;3634,80;41,07;345,66;41,08;15635,31;0,93;17051,39;0,09;-64,99;297,63;302,10;0,22;0,00;0,00
14,00;12,53;91,33;0,42;3759,85;31,72;282,96;31,73;12493,58;0,93;13712,19;0,09;-75,72;297,65;303,39;0,22;0,00;0,00
15,00;12,97;104,31;0,44;3893,23;33,54;308,27;33,55;13676,47;0,93;14951,57;0,09;-71,69;297,67;304,53;0,22;0,00;0,00
16,00;13,42;117,72;0,44;4026,62;33,77;321,26;33,78;14242,35;0,93;15537,11;0,09;-69,76;297,70;304,36;0,22;0,00;0,00
17,00;13,72;131,44;0,31;4118,32;25,98;262,28;25,98;11205,77;0,93;12320,39;0,10;-80,03;297,72;304,37;0,22;0,00;0,00
18,00;14,08;145,53;0,36;4226,70;29,36;300,22;29,36;12996,75;0,93;14217,70;0,10;-73,91;297,74;305,55;0,22;0,00;0,00
19,00;14,39;159,92;0,31;4318,40;26,35;280,66;26,35;11916,94;0,93;13075,57;0,10;-77,51;297,77;305,15;0,22;0,00;0,00
20,00;14,69;174,61;0,31;4410,11;26,52;289,23;26,53;12250,76;0,93;13429,55;0,10;-76,33;297,79;305,72;0,22;0,00;0,00
21,00;14,97;189,58;0,28;4493,47;25,09;282,33;25,10;11809,87;0,93;12964,23;0,10;-77,77;297,82;305,80;0,22;0,00;0,00
22,00;15,25;204,83;0,28;4576,84;25,26;290,04;25,26;12108,15;0,93;13280,90;0,11;-76,73;297,84;306,06;0,22;0,00;0,00
23,00;15,47;220,31;0,22;4643,53;22,21;265,89;22,21;10802,35;0,93;11900,30;0,11;-81,09;297,87;306,07;0,22;0,00;0,00
24,00;15,61;235,92;0,14;4685,22;17,52;226,10;17,53;8598,86;0,92;9603,37;0,11;-88,32;297,89;306,65;0,22;0,00;0,00
25,00;15,69;251,61;0,08;4710,23;14,39;200,47;14,39;7100,33;0,92;8041,60;0,11;-93,20;297,92;307,56;0,22;0,00;0,00
26,00;15,97;267,58;0,28;4793,60;25,70;310,45;25,71;12904,30;0,93;14124,87;0,11;-73,94;297,95;308,23;0,22;0,00;0,00
27,00;16,06;283,64;0,08;4818,61;14,62;208,47;14,62;7377,54;0,92;8334,21;0,11;-92,20;297,98;306,22;0,23;0,00;0,00
28,00;16,00;299,64;-0,06;4801,93;6,63;138,05;6,63;3333,63;0,87;4112,85;0,11;-105,35;298,00;308,38;0,23;0,00;0,00
29,00;15,78;315,42;-0,22;4735,24;-3,06;75,81;-3,06;-1515,54;0,51;-475,72;0,11;-119,48;298,03;310,01;0,23;0,00;0,00
30,00;15,61;331,03;-0,17;4685,22;0,02;0,50;0,02;10,27;0,00;3163,01;0,11;-108,19;298,07;311,79;0,23;0,00;0,00
31,00;15,42;346,44;-0,19;4626,86;-1,69;40,39;-1,69;-817,75;0,28;69,16;0,12;-117,68;298,11;310,66;0,23;0,00;0,00
32,00;15,47;361,92;0,06;4643,53;12,66;181,99;12,67;6159,77;0,91;7048,79;0,12;-96,04;298,14;311,86;0,23;0,00;0,00
33,00;15,56;377,47;0,08;4668,54;14,31;197,43;14,31;6995,74;0,92;7931,17;0,12;-93,26;298,18;309,43;0,23;0,00;0,00
34,00;15,69;393,17;0,14;4710,23;17,57;228,07;17,58;8670,08;0,92;9678,61;0,12;-87,76;298,21;309,19;0,23;0,00;0,00
35,00;15,97;409,14;0,28;4793,60;25,70;310,45;25,71;12904,30;0,93;14124,87;0,12;-73,73;298,24;308,62;0,23;0,00;0,00
36,00;16,14;425,28;0,17;4843,62;19,44;252,80;19,45;9863,90;0,93;10919,97;0,12;-83,82;298,27;307,03;0,23;0,00;0,00
37,00;16,19;441,47;0,06;4860,29;13,11;197,38;13,12;6676,33;0,92;7594,36;0,12;-94,21;298,29;308,31;0,23;0,00;0,00
38,00;16,31;457,78;0,11;4893,64;16,37;228,37;16,37;8389,42;0,92;9395,65;0,12;-88,56;298,32;309,63;0,23;0,00;0,00
39,00;16,42;474,19;0,11;4926,98;16,44;230,97;16,44;8483,50;0,92;9494,96;0,12;-88,23;298,35;309,03;0,23;0,00;0,00
40,00;16,50;490,69;0,08;4951,99;14,90;218,49;14,91;7729,39;0,92;8705,48;0,12;-90,67;298,38;309,07;0,23;0,00;0,00
41,00;16,53;507,22;0,03;4960,33;11,74;190,19;11,74;6098,69;0,91;6978,71;0,12;-96,03;298,41;309,45;0,23;0,00;0,00
42,00;16,53;523,75;0,00;4960,33;10,15;175,72;10,15;5272,14;0,91;6094,14;0,12;-98,76;298,44;310,13;0,24;0,00;0,00
43,00;16,53;540,28;0,00;4960,33;10,15;175,72;10,15;5272,14;0,91;6094,14;0,12;-98,75;298,47;310,49;0,24;0,00;0,00
44,00;16,53;556,81;0,00;4960,33;10,15;175,72;10,15;5272,14;0,91;6094,14;0,12;-98,75;298,50;310,52;0,24;0,00;0,00
45,00;16,53;573,33;0,00;4960,33;10,15;175,72;10,15;5272,14;0,91;6094,14;0,12;-98,74;298,54;310,55;0,24;0,00;0,00
46,00;16,53;589,86;0,00;4960,33;10,15;175,72;10,15;5272,14;0,91;6094,14;0,12;-98,73;298,57;310,57;0,24;0,00;0,00
47,00;16,58;606,44;0,06;4977,00;13,36;205,88;13,37;6967,38;0,92;7901,46;0,12;-93,11;298,60;310,60;0,24;0,00;0,00
48,00;16,67;623,11;0,08;5002,01;15,01;222,32;15,01;7864,44;0,92;8847,95;0,12;-90,15;298,63;309,95;0,24;0,00;0,00
49,00;16,89;640,00;0,22;5068,71;23,11;305,01;23,12;12270,25;0,93;13455,71;0,12;-75,69;298,66;309,62;0,24;0,00;0,00
50,00;17,25;657,25;0,36;5177,08;31,31;399,55;31,32;16977,53;0,94;18387,25;0,12;-60,03;298,69;307,89;0,24;0,00;0,00
51,00;17,56;674,81;0,31;5268,79;28,33;376,50;28,34;15637,79;0,94;16980,28;0,12;-64,51;298,72;306,01;0,24;0,00;0,00
52,00;17,89;692,69;0,33;5368,83;30,16;405,08;30,17;16960,05;0,94;18357,67;0,12;-60,12;298,74;306,57;0,24;0,00;0,00
53,00;18,19;710,89;0,31;5460,53;28,78;398,40;28,79;16463,88;0,94;17831,24;0,12;-61,80;298,76;306,06;0,24;0,00;0,00
54,00;18,50;729,39;0,31;5552,23;29,00;409,04;29,01;16868,65;0,94;18247,82;0,12;-60,46;298,78;306,28;0,24;0,00;0,00
55,00;18,86;748,25;0,36;5660,61;32,45;457,79;32,46;19241,78;0,94;20722,85;0,12;-52,54;298,80;306,14;0,24;0,00;0,00
56,00;19,17;767,42;0,31;5752,31;29,50;432,65;29,51;17774,16;0,94;19179,01;0,12;-57,48;298,82;305,19;0,24;0,00;0,00
57,00;19,44;786,86;0,28;5835,68;28,12;424,14;28,13;17188,29;0,94;18556,08;0,12;-59,47;298,83;305,81;0,24;0,00;0,00
58,00;19,67;806,53;0,22;5902,37;25,11;394,66;25,11;15523,35;0,94;16798,49;0,12;-65,06;298,85;306,07;0,24;0,00;0,00
59,00;19,81;826,33;0,14;5944,06;20,44;342,99;20,45;12728,67;0,94;13846,93;0,12;-74,41;298,87;306,76;0,24;0,00;0,00
60,00;19,89;846,22;0,08;5969,07;17,33;310,79;17,33;10833,64;0,93;11926,97;0,12;-80,45;298,89;307,92;0,24;0,00;0,00
61,00;20,03;866,25;0,14;6010,75;20,62;350,17;20,62;12981,12;0,94;14108,23;0,31;49,75;298,92;323,74;0,25;0,00;0,00
62,00;20,08;886,33;0,06;6027,43;15,89;299,50;15,89;10031,73;0,93;11115,67;0,08;37,58;298,94;294,72;0,24;0,00;0,00
63,00;20,11;906,44;0,03;6035,76;14,32;283,06;14,32;9053,75;0,92;10110,98;0,08;34,16;298,93;295,74;0,24;0,00;0,00
64,00;20,17;926,61;0,06;6052,44;15,95;302,16;15,96;10115,19;0,93;11205,09;0,09;37,91;298,92;295,90;0,24;0,00;0,00
65,00;20,31;946,92;0,14;6094,12;20,84;359,96;20,84;13301,86;0,94;14460,85;0,09;49,12;298,91;295,42;0,24;0,00;0,00
66,00;20,42;967,33;0,11;6127,47;19,34;345,32;19,34;12410,74;0,94;13547,54;0,10;46,00;298,89;294,21;0,24;0,00;0,00
67,00;20,56;987,89;0,14;6169,15;21,04;368,85;21,04;13595,49;0,94;14783,98;0,10;50,30;298,88;294,33;0,24;0,00;0,00
68,00;20,69;1008,58;0,14;6210,83;21,15;373,82;21,16;13760,67;0,94;14965,88;0,10;50,97;298,86;293,71;0,24;0,00;0,00
69,00;20,78;1029,36;0,08;6235,84;18,04;339,78;18,04;11782,30;0,93;12938,81;0,11;43,98;298,85;293,44;0,24;0,00;0,00
70,00;20,92;1050,28;0,14;6277,53;21,33;381,84;21,34;14028,04;0,94;15260,52;0,11;52,06;298,83;294,01;0,24;0,00;0,00
71,00;20,97;1071,25;0,06;6294,20;16,61;328,33;16,61;10949,04;0,93;12099,95;0,11;41,13;298,81;292,93;0,24;0,00;0,00
72,00;21,00;1092,25;0,03;6302,54;15,04;311,22;15,04;9928,49;0,92;11049,73;0,12;37,57;298,80;293,70;0,24;0,00;0,00
73,00;21,06;1113,31;0,06;6319,21;16,67;331,08;16,68;11038,15;0,93;12195,73;0,13;41,60;298,78;293,72;0,24;0,00;0,00
74,00;21,11;1134,42;0,06;6335,88;16,72;332,92;16,73;11097,86;0,93;12259,93;0,15;41,89;298,77;292,71;0,24;0,00;0,00
75,00;21,14;1155,56;0,03;6344,22;15,15;315,71;15,16;10070,66;0,92;11202,53;0,16;38,27;298,76;292,19;0,24;0,00;0,00
76,00;21,11;1176,67;-0,03;6335,88;11,95;278,59;11,95;7930,60;0,92;8965,40;0,17;30,53;298,74;292,32;0,24;0,00;0,00
77,00;21,06;1197,72;-0,06;6319,21;10,31;258,81;10,32;6826,25;0,91;7794,41;0,18;26,51;298,73;293,27;0,24;0,00;0,00
78,00;21,00;1218,72;-0,06;6302,54;10,27;257,15;10,27;6777,90;0,91;7742,29;0,19;26,36;298,72;293,68;0,24;0,00;0,00
79,00;20,97;1239,69;-0,03;6294,20;11,83;274,32;11,84;7802,62;0,91;8827,71;0,20;30,17;298,71;293,40;0,24;0,00;0,00
80,00;20,97;1260,67;0,00;6294,20;13,42;292,32;13,43;8851,43;0,92;9928,67;0,21;34,07;298,70;292,29;0,24;0,00;0,00
81,00;20,97;1281,64;0,00;6294,20;13,42;292,32;13,43;8851,43;0,92;9928,67;0,22;34,11;298,69;291,07;0,24;0,00;0,00
82,00;21,00;1302,64;0,03;6302,54;15,04;311,22;15,04;9928,49;0,92;11049,73;0,23;38,13;298,68;290,74;0,24;0,00;0,00
83,00;21,06;1323,69;0,06;6319,21;16,67;331,08;16,68;11038,15;0,93;12195,73;0,24;42,28;298,67;289,45;0,24;0,00;0,00
84,00;21,06;1344,75;0,00;6319,21;13,49;294,94;13,50;8932,20;0,92;10015,49;0,25;34,54;298,66;288,05;0,24;0,00;0,00
85,00;21,11;1365,86;0,06;6335,88;16,72;332,92;16,73;11097,86;0,93;12259,93;0,26;42,63;298,65;289,67;0,24;0,00;0,00
86,00;21,06;1386,92;-0,06;6319,21;10,31;258,81;10,32;6826,25;0,91;7794,41;0,27;26,74;298,63;287,18;0,24;0,00;0,00
87,00;21,00;1407,92;-0,06;6302,54;10,27;257,15;10,27;6777,90;0,91;7742,29;0,28;26,58;298,62;291,20;0,24;0,00;0,00
88,00;20,97;1428,89;-0,03;6294,20;11,83;274,32;11,84;7802,62;0,91;8827,71;0,29;30,45;298,61;291,00;0,24;0,00;0,00
89,00;20,78;1449,67;-0,19;6235,84;2,13;82,81;2,13;1390,60;0,37;4096,60;0,29;13,91;298,60;289,62;0,24;0,00;0,00
90,00;20,69;1470,36;-0,08;6210,83;8,42;230,63;8,43;5481,32;0,89;6429,33;0,30;22,03;298,59;294,37;0,24;0,00;0,00
91,00;20,67;1491,03;-0,03;6202,50;11,58;265,02;11,59;7526,33;0,91;8530,53;0,31;29,48;298,59;291,71;0,24;0,00;0,00
92,00;20,69;1511,72;0,03;6210,83;14,79;301,43;14,79;9620,98;0,92;10719,46;0,31;37,36;298,58;289,38;0,24;0,00;0,00
93,00;20,78;1532,50;0,08;6235,84;18,04;339,78;18,04;11782,30;0,93;12938,81;0,31;45,50;298,57;286,90;0,24;0,00;0,00
94,00;20,97;1553,47;0,19;6294,20;24,56;423,36;24,57;16193,14;0,94;17552,80;0,31;62,94;298,56;284,34;0,24;0,00;0,00
95,00;21,06;1574,53;0,08;6319,21;18,27;349,15;18,27;12091,13;0,93;13270,89;0,31;46,74;298,55;278,87;0,24;0,00;0,00
96,00;21,19;1595,72;0,14;6360,89;21,56;391,95;21,57;14367,66;0,94;15635,08;0,31;55,62;298,52;283,90;0,24;0,00;0,00
97,00;21,33;1617,06;0,14;6402,58;21,68;397,04;21,69;14539,74;0,94;15825,01;0,31;56,34;298,51;281,10;0,24;0,00;0,00
98,00;21,44;1638,50;0,11;6435,92;20,18;380,99;20,19;13606,05;0,94;14840,99;0,31;52,63;298,49;280,84;0,24;0,00;0,00
99,00;21,56;1660,06;0,11;6469,27;20,28;385,01;20,28;13740,24;0,94;14989,14;0,31;53,19;298,47;281,98;0,23;0,00;0,00
100,00;21,69;1681,75;0,14;6510,95;21,98;410,41;21,99;14994,31;0,94;16327,19;0,31;58,27;298,46;281,77;0,23;0,00;0,00
101,00;21,81;1703,56;0,11;6544,30;20,49;394,12;20,50;14045,78;0,93;15326,69;0,31;54,48;298,44;280,15;0,23;0,00;0,00
102,00;21,94;1725,50;0,14;6585,98;22,20;419,77;22,21;15315,15;0,93;16682,02;0,31;59,64;298,42;281,31;0,23;0,00;0,00
103,00;22,00;1747,50;0,06;6602,66;17,47;362,90;17,48;12086,49;0,93;13325,17;0,31;46,98;298,40;279,66;0,23;0,00;0,00
104,00;21,94;1769,44;-0,06;6585,98;11,06;285,93;11,07;7633,12;0,91;8664,36;0,31;29,99;298,38;283,61;0,23;0,00;0,00
105,00;21,94;1791,39;0,00;6585,98;14,24;323,46;14,25;9827,98;0,92;10979,57;0,31;38,35;298,37;288,93;0,23;0,00;0,00
106,00;21,92;1813,31;-0,03;6577,65;12,63;303,81;12,63;8702,99;0,92;9797,11;0,31;34,06;298,36;286,29;0,23;0,00;0,00
107,00;21,92;1835,22;0,00;6577,65;14,22;322,56;14,23;9799,03;0,92;10948,37;0,31;38,24;298,34;287,62;0,23;0,00;0,00
108,00;21,94;1857,17;0,03;6585,98;15,84;342,23;15,84;10925,41;0,92;12122,75;0,31;42,55;298,33;286,29;0,23;0,00;0,00
109,00;22,00;1879,17;0,06;6602,66;17,47;362,90;17,48;12086,49;0,93;13325,17;0,32;47,00;298,32;284,91;0,23;0,00;0,00
110,00;22,03;1901,19;0,03;6610,99;15,91;345,02;15,91;11016,81;0,92;12221,32;0,32;42,92;298,31;283,49;0,23;0,00;0,00
111,00;22,08;1923,28;0,06;6627,67;17,55;365,77;17,55;12182,44;0,93;13428,79;0,32;47,39;298,29;284,75;0,23;0,00;0,00
112,00;22,14;1945,42;0,06;6644,34;17,60;367,68;17,60;12246,72;0,93;13498,24;0,32;47,66;298,28;283,32;0,23;0,00;0,00
113,00;22,14;1967,56;0,00;6644,34;14,41;329,84;14,42;10032,42;0,92;11199,96;0,32;39,18;298,26;283,21;0,23;0,00;0,00
114,00;22,14;1989,69;0,00;6644,34;14,41;329,84;14,42;10032,42;0,92;11199,96;0,32;39,18;298,25;285,87;0,23;0,00;0,00
115,00;22,08;2011,78;-0,06;6627,67;11,18;290,26;11,19;7764,94;0,91;8806,56;0,32;30,52;298,23;285,85;0,23;0,00;0,00
116,00;21,94;2033,72;-0,14;6585,98;6,29;230,28;6,29;4340,85;0,87;5272,68;0,32;18,02;298,22;288,57;0,23;0,00;0,00
117,00;21,86;2055,58;-0,08;6560,97;9,40;264,75;9,40;6461,53;0,90;7447,35;0,32;25,67;298,21;292,51;0,23;0,00;0,00
118,00;21,72;2077,31;-0,14;6519,29;6,10;223,99;6,10;4166,54;0,87;5083,46;0,32;17,37;298,20;290,08;0,23;0,00;0,00
119,00;21,64;2098,94;-0,08;6494,28;9,21;258,11;9,21;6266,49;0,90;7246,22;0,32;24,96;298,20;292,70;0,23;0,00;0,00
120,00;21,50;2120,44;-0,14;6452,60;5,91;217,76;5,91;3996,21;0,87;4897,89;0,32;16,72;298,19;290,29;0,23;0,00;0,00
121,00;21,33;2141,78;-0,17;6402,58;4,18;170,87;4,18;2803,92;0,72;4198,12;0,32;14,30;298,18;292,89;0,23;0,00;0,00
122,00;21,19;2162,97;-0,14;6360,89;5,65;209,31;5,66;3768,43;0,87;4648,66;0,32;15,86;298,18;293,65;0,23;0,00;0,00
123,00;21,14;2184,11;-0,06;6344,22;10,38;261,31;10,38;6899,23;0,91;7873,07;0,32;27,19;298,17;293,15;0,23;0,00;0,00
124,00;21,22;2205,33;0,08;6369,23;18,40;354,81;18,41;12279,31;0,93;13473,46;0,32;47,59;298,17;289,55;0,23;0,00;0,00
125,00;21,36;2226,69;0,14;6410,91;21,70;398,06;21,71;14574,33;0,94;15863,21;0,32;56,61;298,16;283,08;0,23;0,00;0,00
126,00;21,42;2248,11;0,06;6427,59;16,98;343,11;16,98;11430,59;0,93;12617,96;0,32;44,42;298,14;280,19;0,23;0,00;0,00
127,00;21,44;2269,56;0,03;6435,92;15,41;325,67;15,41;10388,78;0,92;11544,70;0,32;40,47;298,12;284,03;0,23;0,00;0,00
128,00;21,42;2290,97;-0,03;6427,59;12,20;288,06;12,21;8217,49;0,92;9274,18;0,32;32,22;298,11;285,26;0,23;0,00;0,00
129,00;21,42;2312,39;0,00;6427,59;13,79;306,41;13,80;9288,52;0,92;10398,69;0,32;36,29;298,10;287,87;0,23;0,00;0,00
130,00;21,42;2333,81;0,00;6427,59;13,79;306,41;13,80;9288,52;0,92;10398,69;0,32;36,29;298,09;286,56;0,23;0,00;0,00
131,00;21,44;2355,25;0,03;6435,92;15,41;325,67;15,41;10388,78;0,92;11544,70;0,32;40,48;298,07;286,54;0,23;0,00;0,00
132,00;21,44;2376,69;0,00;6435,92;13,82;307,30;13,82;9316,36;0,92;10428,65;0,32;36,40;298,06;285,19;0,23;0,00;0,00
133,00;21,44;2398,14;0,00;6435,92;13,82;307,30;13,82;9316,36;0,92;10428,65;0,32;36,40;298,05;286,47;0,23;0,00;0,00
134,00;21,42;2419,56;-0,03;6427,59;12,20;288,06;12,21;8217,49;0,92;9274,18;0,32;32,23;298,04;286,45;0,23;0,00;0,00
135,00;21,14;2440,69;-0,28;6344,22;-2,35;96,28;-2,35;-1558,13;0,39;-313,92;0,12;-1,05;298,03;294,09;0,23;0,00;0,00
136,00;20,56;2461,25;-0,58;6169,15;-20,33;371,23;-20,32;-13126,71;0,94;-12018,30;0,09;-39,87;298,01;298,11;0,23;0,00;0,00
137,00;19,36;2480,61;-1,19;5810,67;-56,26;800,45;-56,25;-34226,88;0,95;-32144,24;0,09;-104,71;298,02;301,43;0,23;0,00;0,00
138,00;18,42;2499,03;-0,94;5527,22;-42,65;586,18;-42,64;-24677,90;0,95;-23054,79;0,09;-75,67;298,03;307,24;0,23;0,00;0,00
139,00;17,67;2516,69;-0,75;5302,13;-32,04;437,71;-32,03;-17786,51;0,94;-16416,33;0,09;-54,19;298,06;304,89;0,23;0,00;0,00
140,00;17,53;2534,22;-0,14;5260,45;2,86;82,78;2,86;1577,05;0,49;3502,75;0,10;11,80;298,09;303,31;0,23;0,00;0,00
141,00;17,44;2551,67;-0,08;5235,44;5,99;152,58;5,99;3283,34;0,87;4074,45;0,09;13,72;298,10;297,10;0,23;0,00;0,00
142,00;17,44;2569,11;0,00;5235,44;10,76;197,04;10,76;5900,50;0,91;6771,94;0,09;22,87;298,10;296,93;0,23;0,00;0,00
143,00;17,47;2586,58;0,03;5243,78;12,37;212,93;12,37;6794,15;0,92;7722,68;0,09;26,11;298,10;296,06;0,23;0,00;0,00
144,00;17,67;2604,25;0,19;5302,13;22,05;312,18;22,05;12245,44;0,93;13408,17;0,09;45,63;298,09;295,67;0,23;0,00;0,00
145,00;17,92;2622,17;0,25;5377,16;25,41;354,36;25,41;14309,34;0,94;15576,34;0,10;53,17;298,08;293,68;0,23;0,00;0,00
146,00;18,33;2640,50;0,42;5502,21;35,25;473,53;35,26;20314,51;0,94;21850,68;0,10;75,21;298,07;292,74;0,23;0,00;0,00
147,00;18,78;2659,28;0,44;5635,60;37,16;508,54;37,17;21937,60;0,94;23534,90;0,10;81,27;298,05;290,23;0,23;0,00;0,00
148,00;19,28;2678,56;0,50;5785,66;40,72;565,16;40,73;24676,75;0,95;26378,54;0,11;91,54;298,02;289,27;0,23;0,00;0,00
149,00;19,53;2698,08;0,25;5860,69;26,59;408,52;26,60;16324,58;0,94;17646,04;0,11;60,59;298,00;287,79;0,22;0,00;0,00
150,00;19,72;2717,81;0,19;5919,05;23,56;377,82;23,57;14607,58;0,94;15832,11;0,12;54,27;297,97;290,98;0,22;0,00;0,00
151,00;19,81;2737,61;0,08;5944,06;17,26;308,35;17,27;10747,74;0,93;11839,42;0,13;40,44;297,95;290,97;0,22;0,00;0,00
152,00;19,86;2757,47;0,06;5960,73;15,71;292,85;15,72;9811,71;0,93;10885,15;0,14;37,19;297,93;292,20;0,22;0,00;0,00
153,00;19,94;2777,42;0,08;5985,74;17,37;312,42;17,38;10891,20;0,93;11985,58;0,15;41,11;297,92;292,15;0,22;0,00;0,00
154,00;19,97;2797,39;0,03;5994,08;14,21;278,81;14,21;8922,46;0,92;9970,80;0,17;34,13;297,90;290,99;0,22;0,00;0,00
155,00;20,08;2817,47;0,11;6027,43;19,07;334,10;19,08;12040,44;0,94;13150,29;0,18;45,40;297,89;291,69;0,22;0,00;0,00
156,00;20,19;2837,67;0,11;6060,77;19,16;337,83;19,16;12162,95;0,94;13281,64;0,20;45,97;297,88;289,02;0,22;0,00;0,00
157,00;20,42;2858,08;0,22;6127,47;25,70;421,80;25,71;16494,91;0,94;17836,07;0,21;62,63;297,87;288,27;0,22;0,00;0,00
158,00;20,53;2878,61;0,11;6160,81;19,42;349,09;19,43;12536,03;0,94;13682,10;0,22;47,63;297,85;283,93;0,22;0,00;0,00
159,00;20,69;2899,31;0,17;6210,83;22,74;393,35;22,75;14795,60;0,94;16059,99;0,24;56,45;297,83;286,58;0,22;0,00;0,00
160,00;20,92;2920,22;0,22;6277,53;26,11;440,97;26,11;17166,19;0,94;18576,25;0,25;66,04;297,81;283,70;0,22;0,00;0,00
161,00;20,97;2941,19;0,06;6294,20;16,61;328,33;16,61;10949,04;0,93;12099,95;0,26;42,17;297,80;280,78;0,22;0,00;0,00
162,00;21,00;2962,19;0,03;6302,54;15,04;311,22;15,04;9928,49;0,92;11049,73;0,27;38,42;297,77;286,59;0,22;0,00;0,00
163,00;21,06;2983,25;0,06;6319,21;16,67;331,08;16,68;11038,15;0,93;12195,73;0,27;42,62;297,76;287,29;0,22;0,00;0,00
164,00;21,28;3004,53;0,22;6385,90;26,41;455,02;26,41;17663,05;0,94;19124,95;0,28;68,66;297,75;285,82;0,22;0,00;0,00
165,00;21,42;3025,94;0,14;6427,59;21,75;400,11;21,76;14643,72;0,94;15939,82;0,29;56,63;297,73;278,03;0,22;0,00;0,00
166,00;21,44;3047,39;0,03;6435,92;15,41;325,67;15,41;10388,78;0,92;11544,70;0,29;40,39;297,71;281,04;0,22;0,00;0,00
167,00;21,44;3068,83;0,00;6435,92;13,82;307,30;13,82;9316,36;0,92;10428,65;0,30;36,37;297,69;285,51;0,22;0,00;0,00
168,00;21,42;3090,25;-0,03;6427,59;12,20;288,06;12,21;8217,49;0,92;9274,18;0,31;32,23;297,68;286,46;0,22;0,00;0,00
169,00;21,36;3111,61;-0,06;6410,91;10,57;268,02;10,57;7096,52;0,91;8085,74;0,32;27,99;297,67;287,50;0,22;0,00;0,00
170,00;21,14;3132,75;-0,22;6344,22;0,83;33,56;0,84;555,07;0,14;4162,59;0,12;-104,96;297,66;294,23;0,22;0,00;0,00
171,00;20,89;3153,64;-0,25;6269,19;-0,96;38,62;-0,96;-631,56;0,16;197,93;0,09;-118,75;297,65;306,67;0,22;0,00;0,00
172,00;20,67;3174,31;-0,22;6202,50;0,45;17,20;0,45;290,28;0,08;4076,30;0,09;-106,51;297,68;307,88;0,22;0,00;0,00
173,00;20,53;3194,83;-0,14;6160,81;5,11;191,28;5,11;3296,80;0,86;4128,59;0,09;-106,25;297,72;307,12;0,22;0,00;0,00
174,00;20,42;3215,25;-0,11;6127,47;6,61;205,55;6,61;4242,54;0,88;5142,43;0,09;-102,95;297,76;307,38;0,22;0,00;0,00
175,00;20,33;3235,58;-0,08;6102,46;8,13;220,43;8,14;5199,37;0,89;6133,07;0,09;-99,73;297,79;307,35;0,22;0,00;0,00
176,00;20,31;3255,89;-0,03;6094,12;11,29;254,18;11,30;7209,03;0,91;8189,35;0,10;-93,15;297,82;307,32;0,22;0,00;0,00
177,00;20,25;3276,14;-0,06;6077,45;9,66;235,17;9,66;6148,40;0,91;7081,76;0,10;-96,57;297,86;306,94;0,22;0,00;0,00
178,00;20,11;3296,25;-0,14;6035,76;4,77;174,45;4,78;3019,22;0,82;3974,79;0,10;-106,26;297,89;307,53;0,22;0,00;0,00
179,00;19,67;3315,92;-0,44;5902,37;-13,07;267,52;-13,07;-8078,04;0,92;-7117,51;0,10;-140,50;297,92;308,77;0,22;0,00;0,00
180,00;19,28;3335,19;-0,39;5785,66;-10,19;228,45;-10,19;-6171,39;0,91;-5306,18;0,10;-134,80;297,95;312,62;0,23;0,00;0,00
181,00;18,86;3354,06;-0,42;5660,61;-12,09;241,54;-12,09;-7166,15;0,91;-6241,79;0,11;-137,59;298,00;312,23;0,23;0,00;0,00
182,00;18,56;3372,61;-0,31;5568,91;-5,95;172,58;-5,95;-3470,80;0,85;-2658,86;0,11;-126,52;298,04;312,72;0,23;0,00;0,00
183,00;18,56;3391,17;0,00;5568,91;11,55;224,52;11,55;6735,32;0,91;7669,22;0,11;-94,36;298,09;311,72;0,23;0,00;0,00
184,00;18,83;3410,00;0,28;5652,27;27,66;402,78;27,67;16375,65;0,94;17721,53;0,11;-62,42;298,13;308,41;0,23;0,00;0,00
185,00;19,17;3429,17;0,33;5752,31;31,09;450,91;31,10;18732,69;0,94;20183,16;0,11;-54,49;298,16;305,03;0,23;0,00;0,00
186,00;19,44;3448,61;0,28;5835,68;28,12;424,14;28,13;17188,29;0,94;18556,08;0,11;-59,71;298,18;304,24;0,23;0,00;0,00
187,00;19,64;3468,25;0,19;5894,04;23,50;375,06;23,50;14506,02;0,94;15728,14;0,11;-68,74;298,20;304,91;0,23;0,00;0,00
188,00;19,50;3487,75;-0,14;5852,35;4,30;149,06;4,30;2635,45;0,74;3863,12;0,11;-106,02;298,22;306,02;0,23;0,00;0,00
189,00;19,36;3507,11;-0,14;5810,67;4,19;143,68;4,19;2552,03;0,72;3837,74;0,11;-106,05;298,24;310,40;0,23;0,00;0,00
190,00;19,22;3526,33;-0,14;5768,99;4,09;138,41;4,09;2470,00;0,70;3812,37;0,12;-106,08;298,28;310,55;0,23;0,00;0,00
191,00;19,28;3545,61;0,06;5785,66;15,26;276,45;15,27;9251,36;0,92;10304,94;0,12;-85,80;298,31;310,65;0,23;0,00;0,00
192,00;19,39;3565,00;0,11;5819,01;18,53;313,04;18,54;11295,45;0,93;12392,80;0,12;-79,20;298,34;308,38;0,23;0,00;0,00
193,00;19,64;3584,64;0,25;5894,04;26,68;412,38;26,68;16470,32;0,94;17795,47;0,12;-62,03;298,37;307,68;0,23;0,00;0,00
194,00;19,81;3604,44;0,17;5944,06;22,03;361,79;22,04;13719,16;0,94;14892,38;0,12;-71,26;298,40;305,72;0,23;0,00;0,00
195,00;19,94;3624,39;0,14;5985,74;20,55;347,40;20,56;12886,03;0,94;14007,87;0,12;-74,05;298,42;306,88;0,23;0,00;0,00
196,00;20,08;3644,47;0,14;6027,43;20,66;352,12;20,67;13044,81;0,94;14178,22;0,12;-73,50;298,44;307,27;0,24;0,00;0,00
197,00;20,03;3664,50;-0,06;6010,75;9,48;228,82;9,48;5970,07;0,90;6897,88;0,12;-96,32;298,47;307,28;0,24;0,00;0,00
198,00;19,86;3684,36;-0,17;5960,73;2,99;106,72;2,99;1865,22;0,51;3929,11;0,12;-105,49;298,49;310,09;0,24;0,00;0,00
199,00;19,64;3704,00;-0,22;5894,04;-0,37;13,18;-0,37;-227,12;0,06;285,96;0,12;-116,65;298,52;311,29;0,24;0,00;0,00
200,00;19,39;3723,39;-0,25;5819,01;-2,15;75,42;-2,15;-1309,93;0,36;-173,08;0,12;-118,02;298,56;312,74;0,24;0,00;0,00
201,00;19,31;3742,69;-0,08;5794,00;7,33;194,46;7,33;4450,19;0,88;5337,88;0,12;-101,06;298,59;312,94;0,24;0,00;0,00
202,00;19,31;3762,00;0,00;5794,00;12,10;243,86;12,11;7346,56;0,92;8321,23;0,12;-91,79;298,63;310,92;0,24;0,00;0,00
203,00;19,28;3781,28;-0,03;5785,66;10,49;226,47;10,50;6359,15;0,91;7277,48;0,12;-95,03;298,67;309,82;0,24;0,00;0,00
204,00;19,22;3800,50;-0,06;5768,99;8,86;208,72;8,86;5354,10;0,90;6258,10;0,12;-98,19;298,70;310,24;0,24;0,00;0,00
205,00;19,22;3819,72;0,00;5768,99;12,04;241,68;12,04;7276,69;0,92;8246,91;0,12;-92,00;298,73;310,65;0,24;0,00;0,00
206,00;19,28;3839,00;0,06;5785,66;15,26;276,45;15,27;9251,36;0,92;10304,94;0,12;-85,56;298,76;309,93;0,24;0,00;0,00
207,00;19,39;3858,39;0,11;5819,01;18,53;313,04;18,54;11295,45;0,93;12392,80;0,12;-79,01;298,79;309,17;0,24;0,00;0,00
208,00;19,64;3878,03;0,25;5894,04;26,68;412,38;26,68;16470,32;0,94;17795,47;0,12;-61,90;298,82;308,40;0,24;0,00;0,00
209,00;19,67;3897,69;0,03;5902,37;13,97;270,37;13,98;8638,66;0,92;9674,15;0,12;-87,52;298,84;306,35;0,24;0,00;0,00
210,00;19,44;3917,14;-0,22;5835,68;-0,52;18,24;-0,52;-316,16;0,09;272,52;0,12;-116,56;298,86;309,48;0,24;0,00;0,00
211,00;19,06;3936,19;-0,39;5718,97;-10,36;226,34;-10,35;-6200,59;0,91;-5331,69;0,12;-133,58;298,89;313,03;0,24;0,00;0,00
212,00;18,56;3954,75;-0,50;5568,91;-17,09;288,75;-17,09;-9963,97;0,93;-8936,07;0,12;-144,40;298,93;315,12;0,25;0,00;0,00
213,00;18,19;3972,94;-0,36;5460,53;-9,40;201,34;-9,39;-5371,61;0,90;-4517,12;0,12;-131,09;298,97;316,47;0,25;0,00;0,00
214,00;17,89;3990,83;-0,31;5368,83;-6,43;166,98;-6,43;-3614,78;0,86;-2802,23;0,12;-125,88;299,02;314,90;0,25;0,00;0,00
215,00;17,89;4008,72;0,00;5368,83;11,07;207,87;11,07;6224,56;0,91;7121,15;0,12;-95,41;299,06;314,30;0,25;0,00;0,00
216,00;18,03;4026,75;0,14;5410,51;19,12;289,61;19,13;10836,30;0,93;11926,97;0,12;-80,40;299,10;310,65;0,25;0,00;0,00
217,00;18,33;4045,08;0,31;5502,21;28,88;403,22;28,89;16647,08;0,94;18019,81;0,12;-61,13;299,14;308,86;0,25;0,00;0,00
218,00;18,78;4063,86;0,44;5635,60;37,16;508,54;37,17;21937,60;0,94;23534,90;0,12;-43,43;299,16;306,56;0,25;0,00;0,00
219,00;19,08;4082,94;0,31;5727,30;29,44;429,67;29,44;17659,26;0,94;19060,91;0,12;-57,80;299,18;304,43;0,25;0,00;0,00
220,00;19,28;4102,22;0,19;5785,66;23,22;363,19;23,23;14071,76;0,94;15283,31;0,31;54,07;299,20;316,85;0,25;0,00;0,00
221,00;19,31;4121,53;0,03;5794,00;13,69;260,54;13,70;8312,02;0,92;9331,51;0,08;31,47;299,21;294,63;0,25;0,00;0,00
222,00;19,39;4140,92;0,08;5819,01;16,94;296,29;16,95;10325,82;0,93;11408,07;0,08;38,55;299,20;296,53;0,25;0,00;0,00
223,00;19,64;4160,56;0,25;5894,04;26,68;412,38;26,68;16470,32;0,94;17795,47;0,09;60,56;299,19;295,79;0,25;0,00;0,00
224,00;19,81;4180,36;0,17;5944,06;22,03;361,79;22,04;13719,16;0,94;14892,38;0,09;50,56;299,17;293,62;0,25;0,00;0,00
225,00;19,97;4200,33;0,17;5994,08;22,16;367,22;22,17;13916,49;0,94;15094,25;0,10;51,29;299,15;294,35;0,25;0,00;0,00
226,00;20,17;4220,50;0,19;6052,44;23,91;393,24;23,92;15157,85;0,94;16411,99;0,10;55,89;299,14;294,08;0,25;0,00;0,00
227,00;20,31;4240,81;0,14;6094,12;20,84;359,96;20,84;13301,86;0,94;14460,85;0,10;49,17;299,12;293,42;0,25;0,00;0,00
228,00;20,47;4261,28;0,17;6144,14;22,56;385,22;22,57;14520,91;0,94;15757,39;0,11;53,70;299,10;293,92;0,25;0,00;0,00
229,00;20,78;4282,06;0,31;6235,84;30,76;494,40;30,77;20095,11;0,94;21649,78;0,11;74,40;299,09;293,24;0,25;0,00;0,00
230,00;20,97;4303,03;0,19;6294,20;24,56;423,36;24,57;16193,14;0,94;17552,80;0,11;60,05;299,07;290,71;0,25;0,00;0,00
231,00;21,11;4324,14;0,14;6335,88;21,49;388,90;21,50;14265,14;0,94;15521,98;0,12;53,06;299,05;291,68;0,25;0,00;0,00
232,00;21,19;4345,33;0,08;6360,89;18,38;353,86;18,39;12247,80;0,93;13439,52;0,13;45,88;299,03;291,98;0,25;0,00;0,00
233,00;21,14;4366,47;-0,06;6344,22;10,38;261,31;10,38;6899,23;0,91;7873,07;0,14;26,67;299,01;292,44;0,25;0,00;0,00
234,00;21,14;4387,61;0,00;6344,22;13,56;297,57;13,57;9013,52;0,92;10102,91;0,15;34,40;298,99;294,90;0,25;0,00;0,00
235,00;21,11;4408,72;-0,03;6335,88;11,95;278,59;11,95;7930,60;0,92;8965,40;0,16;30,50;298,98;293,34;0,25;0,00;0,00
236,00;21,11;4429,83;0,00;6335,88;13,54;296,70;13,54;8986,35;0,92;10073,71;0,17;34,38;298,97;293,65;0,25;0,00;0,00
237,00;21,11;4450,94;0,00;6335,88;13,54;296,70;13,54;8986,35;0,92;10073,71;0,19;34,43;298,96;292,60;0,25;0,00;0,00
238,00;21,06;4472,00;-0,06;6319,21;10,31;258,81;10,32;6826,25;0,91;7794,41;0,20;26,53;298,95;292,22;0,25;0,00;0,00
239,00;21,00;4493,00;-0,06;6302,54;10,27;257,15;10,27;6777,90;0,91;7742,29;0,21;26,38;298,94;293,47;0,25;0,00;0,00
240,00;21,00;4514,00;0,00;6302,54;13,45;293,19;13,45;8878,29;0,92;9957,54;0,22;34,16;298,93;293,21;0,24;0,00;0,00
241,00;20,97;4534,97;-0,03;6294,20;11,83;274,32;11,84;7802,62;0,91;8827,71;0,23;30,22;298,92;291,19;0,24;0,00;0,00
242,00;20,92;4555,89;-0,06;6277,53;10,20;254,66;10,20;6705,82;0,91;7664,60;0,24;26,18;298,91;291,79;0,24;0,00;0,00
243,00;20,97;4576,86;0,06;6294,20;16,61;328,33;16,61;10949,04;0,93;12099,95;0,25;41,92;298,90;292,49;0,24;0,00;0,00
244,00;21,00;4597,86;0,03;6302,54;15,04;311,22;15,04;9928,49;0,92;11049,73;0,25;38,21;298,89;288,23;0,24;0,00;0,00
245,00;21,11;4618,97;0,11;6335,88;19,90;369,14;19,91;13209,37;0,94;14406,57;0,26;50,45;298,88;288,80;0,24;0,00;0,00
246,00;21,22;4640,19;0,11;6369,23;20,00;373,01;20,00;13340,62;0,94;14548,11;0,27;51,06;298,87;285,10;0,24;0,00;0,00
247,00;21,42;4661,61;0,19;6427,59;24,93;440,35;24,94;16785,82;0,94;18207,36;0,28;64,90;298,85;284,44;0,24;0,00;0,00
248,00;21,44;4683,06;0,03;6435,92;15,41;325,67;15,41;10388,78;0,92;11544,70;0,29;40,21;298,83;279,91;0,24;0,00;0,00
249,00;21,44;4704,50;0,00;6435,92;13,82;307,30;13,82;9316,36;0,92;10428,65;0,30;36,22;298,81;286,72;0,24;0,00;0,00
250,00;21,44;4725,94;0,00;6435,92;13,82;307,30;13,82;9316,36;0,92;10428,65;0,31;36,27;298,80;287,58;0,24;0,00;0,00
251,00;21,44;4747,39;0,00;6435,92;13,82;307,30;13,82;9316,36;0,92;10428,65;0,31;36,27;298,79;287,55;0,24;0,00;0,00
252,00;21,44;4768,83;0,00;6435,92;13,82;307,30;13,82;9316,36;0,92;10428,65;0,31;36,27;298,78;287,53;0,24;0,00;0,00
253,00;21,50;4790,33;0,06;6452,60;17,05;345,91;17,05;11522,62;0,93;12717,07;0,31;44,63;298,76;287,51;0,24;0,00;0,00
254,00;21,56;4811,89;0,06;6469,27;17,09;347,78;17,10;11584,28;0,93;12783,50;0,31;44,88;298,75;284,90;0,24;0,00;0,00
255,00;21,56;4833,44;0,00;6469,27;13,91;310,86;13,92;9428,32;0,92;10549,14;0,31;36,71;298,74;284,80;0,24;0,00;0,00
256,00;21,50;4854,94;-0,06;6452,60;10,68;272,24;10,69;7221,81;0,91;8220,81;0,31;28,36;298,72;287,32;0,24;0,00;0,00
257,00;21,72;4876,67;0,22;6519,29;26,78;472,56;26,79;18288,71;0,94;19816,91;0,31;71,69;298,71;289,90;0,24;0,00;0,00
258,00;21,86;4898,53;0,14;6560,97;22,13;416,64;22,13;15207,64;0,94;16563,09;0,31;59,08;298,70;276,42;0,24;0,00;0,00
259,00;21,94;4920,47;0,08;6585,98;19,02;379,77;19,02;13120,26;0,93;14380,81;0,31;50,84;298,68;280,30;0,24;0,00;0,00
260,00;21,94;4942,42;0,00;6585,98;14,24;323,46;14,25;9827,98;0,92;10979,57;0,31;38,29;298,66;282,83;0,24;0,00;0,00
261,00;21,94;4964,36;0,00;6585,98;14,24;323,46;14,25;9827,98;0,92;10979,57;0,31;38,29;298,64;286,71;0,24;0,00;0,00
262,00;21,94;4986,31;0,00;6585,98;14,24;323,46;14,25;9827,98;0,92;10979,57;0,31;38,30;298,63;286,69;0,24;0,00;0,00
263,00;21,94;5008,25;0,00;6585,98;14,24;323,46;14,25;9827,98;0,92;10979,57;0,31;38,30;298,62;286,68;0,24;0,00;0,00
264,00;21,92;5030,17;-0,03;6577,65;12,63;303,81;12,63;8702,99;0,92;9797,11;0,31;34,02;298,61;286,66;0,24;0,00;0,00
265,00;21,86;5052,03;-0,06;6560,97;10,99;283,34;11,00;7554,79;0,91;8579,87;0,31;29,65;298,59;287,98;0,24;0,00;0,00
266,00;21,56;5073,58;-0,31;6469,27;-3,59;152,62;-3,59;-2428,97;0,60;-1163,09;0,12;-3,89;298,58;294,98;0,24;0,00;0,00
267,00;21,33;5094,92;-0,22;6402,58;1,00;40,78;1,00;669,16;0,17;4198,12;0,09;14,12;298,57;298,90;0,24;0,00;0,00
268,00;21,22;5116,14;-0,11;6369,23;7,27;227,96;7,27;4850,14;0,88;5794,56;0,09;19,52;298,57;297,37;0,24;0,00;0,00
269,00;21,11;5137,25;-0,11;6335,88;7,18;224,82;7,18;4763,34;0,88;5701,89;0,09;19,20;298,57;296,91;0,24;0,00;0,00
270,00;20,89;5158,14;-0,22;6269,19;0,63;24,70;0,63;412,73;0,11;4116,91;0,09;13,85;298,56;296,86;0,24;0,00;0,00
271,00;20,67;5178,81;-0,22;6202,50;0,45;17,20;0,45;290,28;0,08;4076,30;0,09;13,71;298,56;297,28;0,24;0,00;0,00
272,00;20,56;5199,36;-0,11;6169,15;6,72;209,35;6,72;4343,74;0,88;5251,61;0,10;17,69;298,55;297,24;0,24;0,00;0,00
273,00;20,47;5219,83;-0,08;6144,14;8,24;224,33;8,25;5306,64;0,89;6245,97;0,10;21,07;298,55;296,79;0,24;0,00;0,00
274,00;20,39;5240,22;-0,08;6119,13;8,18;221,99;8,18;5242,11;0,89;6178,08;0,10;20,84;298,54;296,37;0,24;0,00;0,00
275,00;20,31;5260,53;-0,08;6094,12;8,11;219,65;8,11;5178,10;0,89;6110,65;0,11;20,62;298,53;296,31;0,24;0,00;0,00
276,00;20,19;5280,72;-0,11;6060,77;6,43;199,51;6,43;4083,65;0,87;4970,55;0,11;16,75;298,53;296,25;0,24;0,00;0,00
277,00;20,11;5300,83;-0,08;6035,76;7,96;214,23;7,96;5030,77;0,89;5955,14;0,11;20,10;298,52;296,61;0,24;0,00;0,00
278,00;19,97;5320,81;-0,14;5994,08;4,66;168,20;4,67;2929,58;0,80;3949,41;0,13;13,30;298,52;295,99;0,24;0,00;0,00
279,00;19,89;5340,69;-0,08;5969,07;7,78;208,42;7,78;4865,85;0,89;5780,53;0,14;19,54;298,51;296,69;0,24;0,00;0,00
280,00;19,92;5360,61;0,03;5977,40;14,17;277,27;14,17;8870,35;0,92;9916,40;0,15;33,79;298,50;295,60;0,24;0,00;0,00
281,00;19,44;5380,06;-0,47;5835,68;-14,84;282,74;-14,83;-9063,26;0,92;-8064,02;0,11;-26,76;298,50;294,83;0,24;0,00;0,00
282,00;19,14;5399,19;-0,31;5743,98;-5,52;177,04;-5,52;-3319,77;0,85;-2511,85;0,09;-8,40;298,49;300,77;0,24;0,00;0,00
283,00;18,78;5417,97;-0,36;5635,60;-8,97;207,03;-8,97;-5293,48;0,89;-4425,39;0,09;-14,76;298,50;299,21;0,24;0,00;0,00
284,00;17,92;5435,89;-0,86;5377,16;-38,23;517,10;-38,22;-21522,21;0,94;-20008,97;0,09;-65,76;298,50;299,79;0,24;0,00;0,00
285,00;17,25;5453,14;-0,67;5177,08;-27,56;374,88;-27,55;-14935,24;0,94;-13684,72;0,09;-45,23;298,50;304,42;0,24;0,00;0,00
286,00;16,78;5469,92;-0,47;5035,36;-16,74;247,48;-16,73;-8822,11;0,92;-7821,15;0,09;-25,99;298,53;302,70;0,24;0,00;0,00
287,00;16,00;5485,92;-0,78;4801,93;-34,74;418,88;-34,73;-17463,29;0,94;-16095,35;0,09;-53,02;298,54;301,00;0,24;0,00;0,00
288,00;15,50;5501,42;-0,50;4651,87;-19,14;245,44;-19,13;-9320,24;0,93;-8343,56;0,10;-27,70;298,55;303,68;0,24;0,00;0,00
289,00;15,19;5516,61;-0,31;4560,17;-8,19;143,61;-8,18;-3907,61;0,88;-3125,39;0,10;-10,43;298,57;301,31;0,24;0,00;0,00
290,00;14,89;5531,50;-0,31;4468,46;-8,37;140,89;-8,36;-3913,63;0,88;-3138,61;0,10;-10,47;298,57;299,63;0,24;0,00;0,00
291,00;14,53;5546,03;-0,36;4360,09;-11,76;163,89;-11,75;-5366,60;0,91;-4558,18;0,10;-15,19;298,58;299,66;0,24;0,00;0,00
292,00;14,17;5560,19;-0,36;4251,71;-11,96;159,93;-11,96;-5323,95;0,91;-4522,82;0,10;-15,07;298,58;300,17;0,24;0,00;0,00
293,00;13,67;5573,86;-0,50;4101,65;-20,19;218,41;-20,18;-8669,59;0,93;-7763,30;0,11;-25,76;298,59;300,18;0,24;0,00;0,00
294,00;13,22;5587,08;-0,44;3968,26;-17,24;186,54;-17,24;-7163,38;0,92;-6298,05;0,11;-20,94;298,59;301,35;0,24;0,00;0,00
295,00;12,86;5599,94;-0,36;3859,89;-12,66;145,81;-12,65;-5113,86;0,91;-4328,82;0,11;-14,42;298,60;300,87;0,24;0,00;0,00
296,00;12,69;5612,64;-0,17;3809,87;-1,60;28,31;-1,60;-639,22;0,26;130,77;0,17;0,44;298,61;301,06;0,24;0,00;0,00
297,00;12,78;5625,42;0,08;3834,88;12,76;141,53;12,76;5124,59;0,91;5952,34;0,09;20,05;298,61;298,57;0,24;0,00;0,00
298,00;13,19;5638,61;0,42;3959,93;32,06;301,38;32,07;13298,33;0,93;14543,81;0,09;49,40;298,61;296,91;0,24;0,00;0,00
299,00;14,03;5652,64;0,83;4210,03;56,37;543,32;56,38;24858,23;0,94;26698,49;0,09;91,92;298,60;294,23;0,24;0,00;0,00
300,00;14,94;5667,58;0,92;4485,14;61,67;634,41;61,68;28970,26;0,94;31022,60;0,09;107,46;298,59;290,11;0,24;0,00;0,00
301,00;15,92;5683,50;0,97;4776,92;65,44;716,85;65,45;32742,28;0,94;34993,18;0,10;121,98;298,56;288,26;0,24;0,00;0,00
302,00;16,78;5700,28;0,86;5035,36;59,63;688,41;59,64;31449,39;0,95;33517,01;0,10;116,82;298,52;286,39;0,24;0,00;0,00
303,00;17,47;5717,75;0,69;5243,78;50,55;610,49;50,56;27765,18;0,95;29532,27;0,10;102,58;298,48;286,43;0,23;0,00;0,00
304,00;17,97;5735,72;0,50;5393,84;39,76;511,68;39,77;22465,07;0,94;24084,54;0,11;83,18;298,45;287,49;0,23;0,00;0,00
305,00;18,36;5754,08;0,39;5510,55;33,68;456,99;33,69;19438,62;0,94;20937,67;0,11;72,09;298,41;289,22;0,23;0,00;0,00
306,00;18,69;5772,78;0,33;5610,59;30,74;433,75;30,75;18064,47;0,94;19495,41;0,11;67,06;298,38;290,15;0,23;0,00;0,00
307,00;18,94;5791,72;0,25;5685,62;26,15;388,55;26,16;15574,02;0,94;16875,97;0,13;57,98;298,36;289,89;0,23;0,00;0,00
308,00;19,14;5810,86;0,19;5743,98;23,11;358,67;23,12;13907,22;0,94;15114,68;0,14;51,91;298,34;290,32;0,23;0,00;0,00
309,00;19,36;5830,22;0,22;5810,67;24,87;384,34;24,88;15139,39;0,94;16405,03;0,15;56,61;298,32;290,50;0,23;0,00;0,00
310,00;19,58;5849,81;0,22;5877,36;25,04;391,84;25,05;15417,97;0,94;16690,52;0,16;57,77;298,30;289,08;0,23;0,00;0,00
311,00;19,81;5869,61;0,22;5944,06;25,22;399,39;25,22;15700,12;0,94;16979,57;0,18;58,97;298,28;288,16;0,23;0,00;0,00
312,00;19,97;5889,58;0,17;5994,08;22,16;367,22;22,17;13916,49;0,94;15094,25;0,19;52,33;298,27;287,19;0,23;0,00;0,00
313,00;20,11;5909,69;0,14;6035,76;20,68;353,10;20,69;13076,74;0,94;14213,32;0,20;49,29;298,25;287,76;0,23;0,00;0,00
314,00;20,19;5929,89;0,08;6060,77;17,57;320,44;17,57;11153,04;0,93;12263,47;0,21;42,41;298,23;287,72;0,23;0,00;0,00
315,00;20,31;5950,19;0,11;6094,12;19,25;341,57;19,25;12286,38;0,94;13414,05;0,23;46,63;298,21;288,63;0,23;0,00;0,00
316,00;20,33;5970,53;0,03;6102,46;14,50;290,01;14,50;9266,80;0,92;10339,42;0,24;35,69;298,20;287,07;0,23;0,00;0,00
317,00;20,47;5991,00;0,14;6144,14;20,97;365,87;20,98;13497,08;0,94;14675,66;0,25;51,40;298,18;289,37;0,23;0,00;0,00
318,00;20,56;6011,56;0,08;6169,15;17,86;332,36;17,86;11539,53;0,93;12678,06;0,25;44,19;298,17;285,07;0,23;0,00;0,00
319,00;20,61;6032,17;0,06;6185,82;16,31;316,50;16,32;10569,12;0,93;11691,91;0,26;40,67;298,16;286,53;0,23;0,00;0,00
320,00;20,64;6052,81;0,03;6194,16;14,74;299,66;14,75;9565,85;0,92;10660,27;0,27;37,00;298,14;287,12;0,23;0,00;0,00
321,00;20,92;6073,72;0,28;6277,53;29,29;480,39;29,30;19258,29;0,94;20780,50;0,28;74,96;298,13;287,80;0,23;0,00;0,00
322,00;21,06;6094,78;0,14;6319,21;21,45;386,88;21,45;14197,10;0,94;15446,92;0,29;54,69;298,12;276,61;0,23;0,00;0,00
323,00;21,33;6116,11;0,28;6402,58;29,63;497,31;29,64;19874,17;0,94;21461,01;0,29;78,02;298,09;281,96;0,23;0,00;0,00
324,00;21,58;6137,69;0,25;6477,61;28,25;487,31;28,26;19170,88;0,94;20738,53;0,30;75,34;298,07;274,45;0,23;0,00;0,00
325,00;21,92;6159,61;0,33;6577,65;33,31;562,44;33,32;22951,66;0,94;24751,42;0,31;91,83;298,05;274,65;0,23;0,00;0,00
326,00;22,22;6181,83;0,31;6669,35;31,99;554,96;31,99;22345,64;0,94;24140,31;0,32;89,57;298,02;268,78;0,23;0,00;0,00
327,00;22,50;6204,33;0,28;6752,72;30,64;545,93;30,65;21672,58;0,94;23453,92;0,32;86,76;297,99;269,44;0,22;0,00;0,00
328,00;22,81;6227,14;0,31;6844,42;32,50;580,24;32,51;23302,64;0,94;25203,26;0,32;94,06;297,96;270,28;0,22;0,00;0,00
329,00;23,11;6250,25;0,31;6936,12;32,78;593,68;32,79;23815,37;0,93;25773,67;0,32;96,49;297,94;267,90;0,22;0,00;0,00
330,00;23,42;6273,67;0,31;7027,83;33,06;607,58;33,07;24336,10;0,93;26345,86;0,32;98,94;297,91;267,06;0,22;0,00;0,00
331,00;23,75;6297,42;0,33;7127,87;34,96;645,74;34,97;26101,18;0,93;28216,02;0,32;107,03;297,87;266,21;0,22;0,00;0,00
332,00;24,06;6321,47;0,31;7219,57;33,66;638,64;33,66;25451,26;0,93;27533,57;0,32;104,10;297,84;263,55;0,22;0,00;0,00
333,00;24,36;6345,83;0,31;7311,27;33,95;653,71;33,96;25997,42;0,93;28115,08;0,32;106,66;297,81;264,41;0,22;0,00;0,00
334,00;24,67;6370,50;0,31;7402,98;34,24;668,92;34,25;26552,01;0,93;28705,47;0,32;109,28;297,77;263,51;0,22;0,00;0,00
335,00;24,94;6395,44;0,28;7486,35;32,92;659,89;32,93;25816,12;0,93;27931,22;0,32;105,93;297,74;262,60;0,22;0,00;0,00
336,00;25,22;6420,67;0,28;7569,71;33,19;673,74;33,20;26320,96;0,93;28468,79;0,32;108,32;297,70;263,60;0,22;0,00;0,00
337,00;25,44;6446,11;0,22;7636,41;30,23;638,11;30,24;24185,06;0,93;26210,32;0,32;98,58;297,67;262,75;0,22;0,00;0,00
338,00;25,47;6471,58;0,03;7644,74;19,13;476,55;19,13;15316,68;0,93;16820,24;0,12;-65,23;297,63;285,55;0,22;0,00;0,00
339,00;25,53;6497,11;0,06;7661,42;20,77;501,39;20,78;16671,45;0,93;18221,28;0,09;-61,20;297,60;303,21;0,22;0,00;0,00
340,00;25,61;6522,72;0,08;7686,43;22,45;528,61;22,45;18074,18;0,93;19717,52;0,09;-56,33;297,62;302,88;0,22;0,00;0,00
341,00;25,75;6548,47;0,14;7728,11;25,77;582,17;25,78;20861,31;0,93;22685,16;0,09;-46,63;297,64;302,61;0,22;0,00;0,00
342,00;25,83;6574,31;0,08;7753,12;22,67;538,66;22,68;18413,64;0,93;20080,61;0,09;-55,10;297,66;301,89;0,22;0,00;0,00
343,00;25,92;6600,22;0,08;7778,13;22,76;542,45;22,76;18542,15;0,93;20218,06;0,09;-54,63;297,67;302,80;0,22;0,00;0,00
344,00;25,97;6626,19;0,06;7794,80;21,22;521,15;21,23;17329,33;0,93;18925,47;0,10;-58,79;297,69;302,90;0,22;0,00;0,00
345,00;26,11;6652,31;0,14;7836,49;26,14;599,21;26,15;21456,25;0,93;23320,53;0,10;-44,48;297,71;303,45;0,22;0,00;0,00
346,00;26,53;6678,83;0,42;7961,54;42,48;861,88;42,49;35424,99;0,94;38086,79;0,11;4,47;297,73;302,55;0,22;0,00;0,00
347,00;26,28;6705,11;-0,25;7886,51;4,04;244,50;4,04;3336,67;0,67;5254,81;0,09;-102,76;297,74;297,36;0,22;0,00;0,00
348,00;26,33;6731,44;0,06;7903,18;21,59;537,45;21,60;17877,85;0,93;19512,46;0,09;-56,98;297,74;306,57;0,22;0,00;0,00
349,00;26,39;6757,83;0,06;7919,85;21,65;539,97;21,66;17963,36;0,93;19603,96;0,09;-56,68;297,78;302,67;0,22;0,00;0,00
350,00;26,39;6784,22;0,00;7919,85;18,47;493,47;18,48;15323,96;0,92;16881,66;0,09;-65,47;297,80;302,79;0,22;0,00;0,00
351,00;26,33;6810,56;-0,06;7903,18;15,23;446,65;15,24;12610,19;0,91;14128,94;0,09;-74,30;297,81;303,74;0,22;0,00;0,00
352,00;26,33;6836,89;0,00;7903,18;18,41;491,10;18,42;15244,01;0,92;16798,15;0,09;-65,67;297,84;304,73;0,22;0,00;0,00
353,00;26,19;6863,08;-0,14;7861,50;10,31;374,62;10,32;8495,61;0,89;9803,34;0,10;-88,02;297,86;304,11;0,22;0,00;0,00
354,00;26,11;6889,19;-0,08;7836,49;13,41;415,52;13,42;11009,79;0,91;12454,53;0,10;-79,51;297,88;306,46;0,22;0,00;0,00
355,00;26,03;6915,22;-0,08;7811,48;13,33;412,21;13,33;10904,72;0,91;12338,28;0,10;-79,83;297,91;305,84;0,22;0,00;0,00
356,00;25,97;6941,19;-0,06;7794,80;14,86;431,94;14,87;12133,90;0,91;13611,03;0,10;-75,72;297,94;306,09;0,22;0,00;0,00
357,00;25,92;6967,11;-0,06;7778,13;14,80;429,70;14,81;12061,75;0,91;13532,32;0,10;-75,92;297,96;305,87;0,22;0,00;0,00
358,00;25,89;6993,00;-0,03;7769,79;16,37;450,45;16,37;13320,47;0,92;14823,67;0,11;-71,78;297,99;306,00;0,23;0,00;0,00
359,00;25,75;7018,75;-0,14;7728,11;9,86;357,70;9,87;7983,85;0,89;9231,53;0,11;-89,50;298,01;305,67;0,23;0,00;0,00
360,00;25,67;7044,42;-0,08;7703,10;12,96;397,95;12,96;10457,14;0,91;11841,69;0,11;-81,21;298,03;307,69;0,23;0,00;0,00
361,00;25,58;7070,00;-0,08;7678,09;12,87;394,69;12,88;10355,63;0,91;11728,76;0,11;-81,54;298,06;306,91;0,23;0,00;0,00
362,00;25,53;7095,53;-0,06;7661,42;14,41;414,12;14,41;11564,94;0,91;12988,63;0,11;-77,51;298,09;307,07;0,23;0,00;0,00
363,00;25,47;7121,00;-0,06;7644,74;14,35;411,91;14,36;11495,14;0,91;12912,01;0,11;-77,73;298,12;306,74;0,23;0,00;0,00
364,00;25,47;7146,47;0,00;7644,74;17,54;455,00;17,54;14042,83;0,92;15532,29;0,11;-69,37;298,14;306,88;0,23;0,00;0,00
365,00;25,44;7171,92;-0,03;7636,41;15,92;432,33;15,92;12732,81;0,92;14190,52;0,11;-73,62;298,17;306,05;0,23;0,00;0,00
366,00;25,44;7197,36;0,00;7636,41;17,51;453,86;17,51;14005,27;0,92;15492,36;0,11;-69,46;298,19;306,63;0,23;0,00;0,00
367,00;25,44;7222,81;0,00;7636,41;17,51;453,86;17,51;14005,27;0,92;15492,36;0,12;-69,43;298,21;306,26;0,23;0,00;0,00
368,00;25,47;7248,28;0,03;7644,74;19,13;476,55;19,13;15316,68;0,93;16820,24;0,12;-65,19;298,24;306,32;0,23;0,00;0,00
369,00;25,47;7273,75;0,00;7644,74;17,54;455,00;17,54;14042,83;0,92;15532,29;0,12;-69,28;298,26;305,89;0,23;0,00;0,00
370,00;25,47;7299,22;0,00;7644,74;17,54;455,00;17,54;14042,83;0,92;15532,29;0,12;-69,26;298,28;306,43;0,23;0,00;0,00
371,00;25,47;7324,69;0,00;7644,74;17,54;455,00;17,54;14042,83;0,92;15532,29;0,12;-69,25;298,30;306,49;0,23;0,00;0,00
372,00;25,47;7350,17;0,00;7644,74;17,54;455,00;17,54;14042,83;0,92;15532,29;0,12;-69,24;298,33;306,55;0,23;0,00;0,00
373,00;25,47;7375,64;0,00;7644,74;17,54;455,00;17,54;14042,83;0,92;15532,29;0,12;-69,22;298,35;306,61;0,23;0,00;0,00
374,00;25,47;7401,11;0,00;7644,74;17,54;455,00;17,54;14042,83;0,92;15532,29;0,12;-69,21;298,37;306,68;0,23;0,00;0,00
375,00;25,47;7426,58;0,00;7644,74;17,54;455,00;17,54;14042,83;0,92;15532,29;0,12;-69,19;298,39;306,74;0,23;0,00;0,00
376,00;25,47;7452,06;0,00;7644,74;17,54;455,00;17,54;14042,83;0,92;15532,29;0,12;-69,18;298,42;306,80;0,23;0,00;0,00
377,00;25,44;7477,50;-0,03;7636,41;15,92;432,33;15,92;12732,81;0,92;14190,52;0,12;-73,42;298,44;306,86;0,24;0,00;0,00
378,00;25,39;7502,89;-0,06;7619,73;14,27;408,61;14,28;11390,99;0,91;12797,58;0,12;-77,81;298,46;307,40;0,24;0,00;0,00
379,00;25,25;7528,14;-0,14;7578,05;9,36;339,07;9,36;7430,65;0,89;8636,51;0,12;-90,84;298,49;307,95;0,24;0,00;0,00
380,00;25,11;7553,25;-0,14;7536,37;9,22;333,97;9,23;7281,16;0,89;8474,64;0,12;-91,34;298,51;309,56;0,24;0,00;0,00
381,00;25,03;7578,28;-0,08;7511,36;12,32;373,23;12,33;9695,58;0,91;10992,03;0,12;-83,46;298,54;309,65;0,24;0,00;0,00
382,00;25,03;7603,31;0,00;7511,36;17,09;436,82;17,10;13450,44;0,92;14900,47;0,12;-71,14;298,57;308,72;0,24;0,00;0,00
383,00;25,03;7628,33;0,00;7511,36;17,09;436,82;17,10;13450,44;0,92;14900,47;0,12;-71,14;298,60;307,25;0,24;0,00;0,00
384,00;25,08;7653,42;0,06;7528,03;20,33;481,95;20,34;16032,28;0,93;17536,93;0,12;-62,76;298,62;307,27;0,24;0,00;0,00
385,00;25,22;7678,64;0,14;7569,71;25,24;557,65;25,25;20014,13;0,93;21780,17;0,12;-49,16;298,64;306,27;0,24;0,00;0,00
386,00;25,33;7703,97;0,11;7603,06;23,76;539,46;23,77;18923,38;0,93;20620,28;0,12;-52,89;298,67;304,64;0,24;0,00;0,00
387,00;25,44;7729,42;0,11;7636,41;23,87;544,52;23,88;19095,15;0,93;20803,92;0,12;-52,30;298,68;305,11;0,24;0,00;0,00
388,00;25,44;7754,86;0,00;7636,41;17,51;453,86;17,51;14005,27;0,92;15492,36;0,31;55,02;298,70;314,96;0,24;0,00;0,00
389,00;25,61;7780,47;0,17;7686,43;27,22;599,21;27,23;21916,62;0,93;23805,36;0,09;81,59;298,72;294,04;0,24;0,00;0,00
390,00;25,67;7806,14;0,06;7703,10;20,91;507,53;20,92;16875,01;0,93;18439,20;0,09;62,86;298,70;291,76;0,24;0,00;0,00
391,00;25,67;7831,81;0,00;7703,10;17,73;463,06;17,74;14307,86;0,92;15813,37;0,09;53,80;298,67;293,10;0,24;0,00;0,00
392,00;25,58;7857,39;-0,08;7678,09;12,87;394,69;12,88;10355,63;0,91;11728,76;0,09;39,76;298,65;293,69;0,24;0,00;0,00
393,00;25,47;7882,86;-0,11;7644,74;11,17;368,82;11,18;8947,44;0,90;10230,84;0,10;34,64;298,63;294,83;0,24;0,00;0,00
394,00;25,44;7908,31;-0,03;7636,41;15,92;432,33;15,92;12732,81;0,92;14190,52;0,10;48,30;298,62;295,18;0,24;0,00;0,00
395,00;25,31;7933,61;-0,14;7594,72;9,41;341,12;9,42;7490,95;0,89;8701,67;0,10;29,44;298,61;293,64;0,24;0,00;0,00
396,00;25,17;7958,78;-0,14;7553,04;9,28;336,00;9,28;7340,74;0,89;8539,21;0,11;28,90;298,59;295,46;0,24;0,00;0,00
397,00;25,08;7983,86;-0,08;7528,03;12,38;375,36;12,38;9760,28;0,91;11064,43;0,11;37,58;298,58;295,40;0,24;0,00;0,00
398,00;25,22;8009,08;0,14;7569,71;25,24;557,65;25,25;20014,13;0,93;21780,17;0,11;75,10;298,57;294,30;0,24;0,00;0,00
399,00;25,33;8034,42;0,11;7603,06;23,76;539,46;23,77;18923,38;0,93;20620,28;0,13;71,19;298,56;289,16;0,24;0,00;0,00
400,00;25,53;8059,94;0,19;7661,42;28,73;618,72;28,74;23054,68;0,93;25012,60;0,14;87,27;298,54;288,80;0,24;0,00;0,00
401,00;25,69;8085,64;0,17;7711,44;27,30;603,17;27,31;22055,87;0,93;23953,99;0,15;83,73;298,51;285,55;0,24;0,00;0,00
402,00;25,83;8111,47;0,14;7753,12;25,85;586,08;25,86;20997,49;0,93;22830,61;0,16;79,92;298,49;285,05;0,23;0,00;0,00
403,00;25,92;8137,39;0,08;7778,13;22,76;542,45;22,76;18542,15;0,93;20218,06;0,17;70,62;298,46;284,67;0,23;0,00;0,00
404,00;25,92;8163,31;0,00;7778,13;17,98;473,49;17,99;14653,90;0,92;16178,88;0,18;56,17;298,43;285,39;0,23;0,00;0,00
405,00;25,92;8189,22;0,00;7778,13;17,98;473,49;17,99;14653,90;0,92;16178,88;0,20;56,31;298,41;287,35;0,23;0,00;0,00
406,00;25,92;8215,14;0,00;7778,13;17,98;473,49;17,99;14653,90;0,92;16178,88;0,21;56,46;298,39;286,61;0,23;0,00;0,00
407,00;25,92;8241,06;0,00;7778,13;17,98;473,49;17,99;14653,90;0,92;16178,88;0,22;56,60;298,37;285,86;0,23;0,00;0,00
408,00;25,92;8266,97;0,00;7778,13;17,98;473,49;17,99;14653,90;0,92;16178,88;0,23;56,75;298,35;285,10;0,23;0,00;0,00
409,00;25,89;8292,86;-0,03;7769,79;16,37;450,45;16,37;13320,47;0,92;14823,67;0,24;51,88;298,33;284,56;0,23;0,00;0,00
410,00;25,83;8318,69;-0,06;7753,12;14,72;426,34;14,72;11954,07;0,91;13414,74;0,25;46,81;298,32;285,29;0,23;0,00;0,00
411,00;25,81;8344,50;-0,03;7744,78;16,28;447,03;16,29;13208,85;0,92;14703,76;0,26;51,61;298,30;286,15;0,23;0,00;0,00
412,00;25,81;8370,31;0,00;7744,78;17,87;468,84;17,88;14499,36;0,92;16015,86;0,27;56,57;298,28;284,46;0,23;0,00;0,00
413,00;25,83;8396,14;0,03;7753,12;19,49;491,83;19,50;15829,79;0,93;17353,61;0,28;61,71;298,27;282,64;0,23;0,00;0,00
414,00;25,89;8422,03;0,06;7769,79;21,14;517,42;21,14;17204,53;0,93;18791,91;0,28;67,33;298,25;280,70;0,23;0,00;0,00
415,00;25,92;8447,94;0,03;7778,13;19,58;495,39;19,58;15949,97;0,93;17477,96;0,29;62,43;298,23;278,53;0,23;0,00;0,00
416,00;25,97;8473,92;0,06;7794,80;21,22;521,15;21,23;17329,33;0,93;18925,47;0,30;68,15;298,21;279,43;0,23;0,00;0,00
417,00;26,11;8500,03;0,14;7836,49;26,14;599,21;26,15;21456,25;0,93;23320,53;0,31;85,84;298,19;277,14;0,23;0,00;0,00
418,00;26,33;8526,36;0,22;7903,18;31,14;682,15;31,15;25779,43;0,93;27909,49;0,32;105,41;298,16;270,97;0,23;0,00;0,00
419,00;26,42;8552,78;0,08;7928,19;23,27;565,42;23,28;19327,33;0,93;21057,68;0,32;76,93;298,14;264,70;0,23;0,00;0,00
420,00;26,56;8579,33;0,14;7969,87;26,60;620,47;26,61;22205,85;0,93;24120,86;0,32;89,44;298,10;273,67;0,23;0,00;0,00
421,00;26,72;8606,06;0,17;8019,89;28,36;653,22;28,37;23828,34;0,93;25850,66;0,32;96,69;298,08;269,65;0,23;0,00;0,00
422,00;26,78;8632,83;0,06;8036,57;22,06;558,27;22,07;18570,46;0,93;20261,31;0,32;73,79;298,05;267,28;0,23;0,00;0,00
423,00;26,78;8659,61;0,00;8036,57;18,88;510,66;18,88;15892,16;0,93;17477,59;0,32;62,87;298,02;274,51;0,23;0,00;0,00
424,00;26,72;8686,33;-0,06;8019,89;15,64;462,98;15,64;13137,36;0,91;14699,13;0,32;52,25;297,99;277,95;0,22;0,00;0,00
425,00;26,64;8712,97;-0,08;7994,88;13,96;436,79;13,96;11690,95;0,91;13205,09;0,32;46,65;297,97;281,30;0,22;0,00;0,00
426,00;26,56;8739,53;-0,08;7969,87;13,87;433,40;13,88;11581,58;0,91;13084,95;0,32;46,20;297,95;283,07;0,22;0,00;0,00
427,00;26,47;8766,00;-0,08;7944,86;13,78;430,03;13,79;11472,90;0,91;12965,42;0,32;45,76;297,94;283,18;0,22;0,00;0,00
428,00;26,42;8792,42;-0,06;7928,19;15,32;450,07;15,32;12721,90;0,91;14250,00;0,32;50,57;297,92;283,30;0,22;0,00;0,00
429,00;26,39;8818,81;-0,03;7919,85;16,88;471,20;16,89;14004,27;0,92;15554,51;0,32;55,52;297,91;281,74;0,22;0,00;0,00
430,00;26,33;8845,14;-0,06;7903,18;15,23;446,65;15,24;12610,19;0,91;14128,94;0,32;50,13;297,89;280,13;0,22;0,00;0,00
431,00;26,25;8871,39;-0,08;7878,17;13,55;421,08;13,56;11186,41;0,91;12649,67;0,32;44,60;297,87;281,83;0,22;0,00;0,00
432,00;26,19;8897,58;-0,06;7861,50;15,09;440,97;15,09;12425,50;0,91;13928,46;0,32;49,38;297,86;283,57;0,22;0,00;0,00
433,00;26,14;8923,72;-0,06;7844,82;15,03;438,70;15,04;12352,15;0,91;13848,72;0,32;49,09;297,84;282,02;0,22;0,00;0,00
434,00;26,11;8949,83;-0,03;7836,49;16,59;459,62;16,60;13621,39;0,92;15146,09;0,32;53,99;297,83;282,09;0,22;0,00;0,00
435,00;26,11;8975,94;0,00;7836,49;18,18;481,67;18,19;14927,19;0,92;16466,32;0,32;59,05;297,81;280,49;0,22;0,00;0,00
436,00;26,06;9002,00;-0,06;7819,81;14,94;435,32;14,95;12242,69;0,91;13729,58;0,32;48,66;297,79;278,84;0,22;0,00;0,00
437,00;26,03;9028,03;-0,03;7811,48;16,51;456,18;16,51;13507,98;0,92;15024,73;0,32;53,55;297,77;282,15;0,22;0,00;0,00
438,00;25,97;9054,00;-0,06;7794,80;14,86;431,94;14,87;12133,90;0,91;13611,03;0,32;48,22;297,76;280,55;0,22;0,00;0,00
439,00;25,92;9079,92;-0,06;7778,13;14,80;429,70;14,81;12061,75;0,91;13532,32;0,32;47,93;297,74;282,24;0,22;0,00;0,00
440,00;25,89;9105,81;-0,03;7769,79;16,37;450,45;16,37;13320,47;0,92;14823,67;0,32;52,80;297,72;282,30;0,22;0,00;0,00
441,00;25,89;9131,69;0,00;7769,79;17,96;472,33;17,96;14615,15;0,92;16138,04;0,32;57,82;297,71;280,71;0,22;0,00;0,00
442,00;25,89;9157,58;0,00;7769,79;17,96;472,33;17,96;14615,15;0,92;16138,04;0,32;57,83;297,69;279,07;0,22;0,00;0,00
443,00;25,89;9183,47;0,00;7769,79;17,96;472,33;17,96;14615,15;0,92;16138,04;0,32;57,84;297,67;279,04;0,22;0,00;0,00
444,00;25,89;9209,36;0,00;7769,79;17,96;472,33;17,96;14615,15;0,92;16138,04;0,12;-67,40;297,65;290,56;0,22;0,00;0,00
445,00;25,92;9235,28;0,03;7778,13;19,58;495,39;19,58;15949,97;0,93;17477,96;0,09;-63,60;297,64;303,43;0,22;0,00;0,00
446,00;25,97;9261,25;0,06;7794,80;21,22;521,15;21,23;17329,33;0,93;18925,47;0,09;-58,90;297,66;303,12;0,22;0,00;0,00
447,00;25,97;9287,22;0,00;7794,80;18,04;475,82;18,05;14731,61;0,92;16260,72;0,09;-67,50;297,68;302,88;0,22;0,00;0,00
448,00;26,03;9313,25;0,06;7811,48;21,28;523,65;21,29;17412,89;0,93;19014,91;0,09;-58,55;297,70;303,81;0,22;0,00;0,00
449,00;26,03;9339,28;0,00;7811,48;18,10;478,16;18,10;14809,61;0,92;16342,79;0,09;-67,16;297,72;303,16;0,22;0,00;0,00
450,00;26,03;9365,31;0,00;7811,48;18,10;478,16;18,10;14809,61;0,92;16342,79;0,10;-67,12;297,74;304,14;0,22;0,00;0,00
451,00;25,97;9391,28;-0,06;7794,80;14,86;431,94;14,87;12133,90;0,91;13611,03;0,10;-75,85;297,76;304,31;0,22;0,00;0,00
452,00;25,92;9417,19;-0,06;7778,13;14,80;429,70;14,81;12061,75;0,91;13532,32;0,10;-76,05;297,78;305,36;0,22;0,00;0,00
453,00;25,92;9443,11;0,00;7778,13;17,98;473,49;17,99;14653,90;0,92;16178,88;0,10;-67,53;297,81;305,58;0,22;0,00;0,00
454,00;25,92;9469,03;0,00;7778,13;17,98;473,49;17,99;14653,90;0,92;16178,88;0,10;-67,49;297,83;304,89;0,22;0,00;0,00
455,00;25,92;9494,94;0,00;7778,13;17,98;473,49;17,99;14653,90;0,92;16178,88;0,11;-67,47;297,85;304,99;0,22;0,00;0,00
456,00;25,92;9520,86;0,00;7778,13;17,98;473,49;17,99;14653,90;0,92;16178,88;0,11;-67,45;297,88;305,09;0,22;0,00;0,00
457,00;25,92;9546,78;0,00;7778,13;17,98;473,49;17,99;14653,90;0,92;16178,88;0,11;-67,43;297,90;305,18;0,22;0,00;0,00
458,00;25,89;9572,67;-0,03;7769,79;16,37;450,45;16,37;13320,47;0,92;14823,67;0,11;-71,73;297,92;305,28;0,22;0,00;0,00
459,00;25,89;9598,56;0,00;7769,79;17,96;472,33;17,96;14615,15;0,92;16138,04;0,11;-67,52;297,94;305,86;0,22;0,00;0,00
460,00;25,92;9624,47;0,03;7778,13;19,58;495,39;19,58;15949,97;0,93;17477,96;0,11;-63,21;297,97;305,49;0,22;0,00;0,00
461,00;25,97;9650,44;0,06;7794,80;21,22;521,15;21,23;17329,33;0,93;18925,47;0,11;-58,54;297,99;305,10;0,23;0,00;0,00
462,00;25,97;9676,42;0,00;7794,80;18,04;475,82;18,05;14731,61;0,92;16260,72;0,11;-67,06;298,01;304,67;0,23;0,00;0,00
463,00;26,03;9702,44;0,06;7811,48;21,28;523,65;21,29;17412,89;0,93;19014,91;0,11;-58,22;298,03;305,73;0,23;0,00;0,00
464,00;26,06;9728,50;0,03;7819,81;19,72;501,34;19,72;16151,75;0,93;17686,25;0,12;-62,46;298,05;304,81;0,23;0,00;0,00
465,00;26,06;9754,56;0,00;7819,81;18,13;479,33;18,13;14848,73;0,92;16383,91;0,12;-66,61;298,07;305,35;0,23;0,00;0,00
466,00;26,06;9780,61;0,00;7819,81;18,13;479,33;18,13;14848,73;0,92;16383,91;0,12;-66,60;298,09;305,90;0,23;0,00;0,00
467,00;26,03;9806,64;-0,03;7811,48;16,51;456,18;16,51;13507,98;0,92;15024,73;0,12;-70,91;298,11;305,96;0,23;0,00;0,00
468,00;25,97;9832,61;-0,06;7794,80;14,86;431,94;14,87;12133,90;0,91;13611,03;0,12;-75,38;298,13;306,53;0,23;0,00;0,00
469,00;25,92;9858,53;-0,06;7778,13;14,80;429,70;14,81;12061,75;0,91;13532,32;0,12;-75,61;298,16;307,12;0,23;0,00;0,00
470,00;25,83;9884,36;-0,08;7753,12;13,13;404,51;13,13;10662,17;0,91;12069,43;0,12;-80,21;298,18;307,22;0,23;0,00;0,00
471,00;25,69;9910,06;-0,14;7711,44;9,80;355,61;9,81;7921,21;0,89;9164,48;0,12;-89,31;298,20;307,84;0,23;0,00;0,00
472,00;25,53;9935,58;-0,17;7661,42;8,05;327,91;8,05;6458,44;0,87;7683,68;0,12;-93,91;298,23;309,01;0,23;0,00;0,00
473,00;25,47;9961,06;-0,06;7644,74;14,35;411,91;14,36;11495,14;0,91;12912,01;0,12;-77,50;298,26;309,65;0,23;0,00;0,00
474,00;25,31;9986,36;-0,17;7594,72;7,82;319,84;7,83;6225,44;0,87;7424,58;0,12;-94,67;298,29;307,74;0,23;0,00;0,00
475,00;25,08;10011,44;-0,22;7528,03;4,42;245,23;4,42;3488,02;0,75;4969,34;0,12;-102,28;298,32;309,85;0,23;0,00;0,00
476,00;25,03;10036,47;-0,06;7511,36;13,91;394,43;13,92;10947,20;0,91;12308,59;0,12;-79,37;298,35;310,81;0,23;0,00;0,00
477,00;24,94;10061,42;-0,08;7486,35;12,24;370,05;12,24;9599,06;0,91;10883,95;0,12;-83,84;298,38;308,05;0,23;0,00;0,00
478,00;24,81;10086,22;-0,14;7444,66;8,92;322,84;8,93;6958,60;0,89;8123,84;0,12;-92,46;298,41;308,62;0,23;0,00;0,00
479,00;24,67;10110,89;-0,14;7402,98;8,79;317,83;8,79;6814,83;0,89;7966,83;0,12;-92,95;298,43;309,69;0,24;0,00;0,00
480,00;24,64;10135,53;-0,03;7394,64;15,12;400,26;15,13;11714,98;0,92;13083,53;0,12;-76,90;298,46;309,78;0,24;0,00;0,00
481,00;24,58;10160,11;-0,06;7377,97;13,48;377,24;13,48;10417,60;0,91;11722,29;0,12;-81,18;298,49;307,85;0,24;0,00;0,00
482,00;24,56;10184,67;-0,03;7369,63;15,04;397,00;15,05;11613,10;0,92;12972,05;0,12;-77,24;298,52;308,40;0,24;0,00;0,00
483,00;24,56;10209,22;0,00;7369,63;16,63;417,82;16,64;12841,11;0,92;14245,70;0,12;-73,22;298,55;307,94;0,24;0,00;0,00
484,00;24,56;10233,78;0,00;7369,63;16,63;417,82;16,64;12841,11;0,92;14245,70;0,12;-73,21;298,57;307,47;0,24;0,00;0,00
485,00;24,56;10258,33;0,00;7369,63;16,63;417,82;16,64;12841,11;0,92;14245,70;0,12;-73,21;298,60;307,50;0,24;0,00;0,00
486,00;24,56;10282,89;0,00;7369,63;16,63;417,82;16,64;12841,11;0,92;14245,70;0,12;-73,20;298,62;307,52;0,24;0,00;0,00
487,00;24,56;10307,44;0,00;7369,63;16,63;417,82;16,64;12841,11;0,92;14245,70;0,12;-73,20;298,64;307,54;0,24;0,00;0,00
488,00;24,58;10332,03;0,03;7377,97;18,25;439,78;18,26;14105,78;0,93;15546,25;0,12;-69,08;298,67;307,56;0,24;0,00;0,00
489,00;24,58;10356,61;0,00;7377,97;16,66;418,93;16,67;12876,39;0,92;14283,74;0,12;-73,07;298,69;307,08;0,24;0,00;0,00
490,00;24,58;10381,19;0,00;7377,97;16,66;418,93;16,67;12876,39;0,92;14283,74;0,12;-73,06;298,71;307,59;0,24;0,00;0,00
491,00;24,58;10405,78;0,00;7377,97;16,66;418,93;16,67;12876,39;0,92;14283,74;0,12;-73,06;298,74;307,61;0,24;0,00;0,00
492,00;24,58;10430,36;0,00;7377,97;16,66;418,93;16,67;12876,39;0,92;14283,74;0,12;-73,05;298,76;307,63;0,24;0,00;0,00
493,00;24,58;10454,94;0,00;7377,97;16,66;418,93;16,67;12876,39;0,92;14283,74;0,12;-73,05;298,78;307,65;0,24;0,00;0,00
494,00;24,64;10479,58;0,06;7394,64;19,90;462,93;19,90;15411,50;0,93;16876,37;0,31;60,24;298,81;321,43;0,24;0,00;0,00
495,00;24,64;10504,22;0,00;7394,64;16,71;421,15;16,72;12947,15;0,92;14360,00;0,08;48,73;298,83;293,71;0,24;0,00;0,00
496,00;24,58;10528,81;-0,06;7377,97;13,48;377,24;13,48;10417,60;0,91;11722,29;0,08;39,68;298,81;294,67;0,24;0,00;0,00
497,00;24,56;10553,36;-0,03;7369,63;15,04;397,00;15,05;11613,10;0,92;12972,05;0,09;43,99;298,80;295,29;0,24;0,00;0,00
498,00;24,56;10577,92;0,00;7369,63;16,63;417,82;16,64;12841,11;0,92;14245,70;0,09;48,40;298,78;294,74;0,24;0,00;0,00
499,00;24,50;10602,42;-0,06;7352,96;13,40;374,05;13,40;10320,31;0,91;11614,28;0,10;39,37;298,77;294,14;0,24;0,00;0,00
500,00;24,44;10626,86;-0,06;7336,28;13,34;371,93;13,35;10255,80;0,91;11542,61;0,10;39,14;298,75;294,85;0,24;0,00;0,00
501,00;24,42;10651,28;-0,03;7327,95;14,91;391,58;14,91;11444,72;0,92;12787,52;0,10;43,45;298,74;294,72;0,24;0,00;0,00
502,00;24,31;10675,58;-0,11;7294,60;10,03;325,39;10,03;7664,76;0,90;8776,88;0,11;29,69;298,73;294,11;0,24;0,00;0,00
503,00;24,28;10699,86;-0,03;7286,26;14,78;386,20;14,78;11278,08;0,92;12604,61;0,11;42,87;298,71;295,45;0,24;0,00;0,00
504,00;24,28;10724,14;0,00;7286,26;16,37;406,80;16,37;12492,19;0,92;13868,63;0,11;47,28;298,70;293,84;0,24;0,00;0,00
505,00;24,22;10748,36;-0,06;7269,59;13,13;363,49;13,14;10000,57;0,91;11258,66;0,12;38,30;298,69;292,80;0,24;0,00;0,00
506,00;24,19;10772,56;-0,03;7261,25;14,70;382,98;14,70;11178,93;0,92;12495,63;0,14;42,66;298,67;293,48;0,24;0,00;0,00
507,00;24,19;10796,75;0,00;7261,25;16,29;403,52;16,29;12388,88;0,92;13756,69;0,15;47,15;298,66;292,39;0,24;0,00;0,00
508,00;24,19;10820,94;0,00;7261,25;16,29;403,52;16,29;12388,88;0,92;13756,69;0,16;47,25;298,65;291,19;0,24;0,00;0,00
509,00;24,14;10845,08;-0,06;7244,58;13,05;360,34;13,06;9906,01;0,91;11153,30;0,17;38,18;298,63;290,62;0,24;0,00;0,00
510,00;24,14;10869,22;0,00;7244,58;16,23;401,33;16,24;12320,35;0,92;13682,37;0,18;47,17;298,62;291,70;0,24;0,00;0,00
511,00;24,14;10893,36;0,00;7244,58;16,23;401,33;16,24;12320,35;0,92;13682,37;0,19;47,26;298,61;289,51;0,24;0,00;0,00
512,00;24,14;10917,50;0,00;7244,58;16,23;401,33;16,24;12320,35;0,92;13682,37;0,20;47,36;298,59;288,93;0,24;0,00;0,00
513,00;24,14;10941,64;0,00;7244,58;16,23;401,33;16,24;12320,35;0,92;13682,37;0,22;47,46;298,57;288,34;0,24;0,00;0,00
514,00;24,14;10965,78;0,00;7244,58;16,23;401,33;16,24;12320,35;0,92;13682,37;0,23;47,56;298,56;287,74;0,24;0,00;0,00
515,00;24,14;10989,92;0,00;7244,58;16,23;401,33;16,24;12320,35;0,92;13682,37;0,24;47,63;298,54;287,28;0,24;0,00;0,00
516,00;24,14;11014,06;0,00;7244,58;16,23;401,33;16,24;12320,35;0,92;13682,37;0,25;47,71;298,53;286,82;0,24;0,00;0,00
517,00;24,19;11038,25;0,06;7261,25;19,47;444,60;19,48;14808,77;0,93;16246,12;0,25;57,21;298,51;286,37;0,24;0,00;0,00
518,00;24,22;11062,47;0,03;7269,59;17,90;425,17;17,91;13634,58;0,92;15044,97;0,26;52,87;298,50;283,44;0,24;0,00;0,00
519,00;24,36;11086,83;0,14;7311,27;24,40;518,57;24,41;18687,60;0,93;20362,50;0,27;73,09;298,48;284,10;0,24;0,00;0,00
520,00;24,50;11111,33;0,14;7352,96;24,53;524,80;24,54;18896,96;0,93;20586,29;0,28;74,14;298,46;277,96;0,23;0,00;0,00
521,00;24,56;11135,89;0,06;7369,63;19,81;459,47;19,82;15297,12;0,93;16757,17;0,29;59,59;298,44;277,00;0,23;0,00;0,00
522,00;24,58;11160,47;0,03;7377,97;18,25;439,78;18,26;14105,78;0,93;15546,25;0,30;55,13;298,41;280,67;0,23;0,00;0,00
523,00;24,64;11185,11;0,06;7394,64;19,90;462,93;19,90;15411,50;0,93;16876,37;0,31;60,29;298,39;281,51;0,23;0,00;0,00
524,00;24,67;11209,78;0,03;7402,98;18,33;443,18;18,34;14216,20;0,93;15663,28;0,31;55,77;298,38;279,41;0,23;0,00;0,00
525,00;24,67;11234,44;0,00;7402,98;16,74;422,26;16,75;12982,64;0,92;14398,21;0,31;51,00;298,36;280,80;0,23;0,00;0,00
526,00;24,72;11259,17;0,06;7419,65;19,98;466,40;19,98;15526,51;0,93;16996,04;0,31;60,88;298,34;282,27;0,23;0,00;0,00
527,00;24,78;11283,94;0,06;7436,33;20,03;468,76;20,04;15603,54;0,93;17077,77;0,32;61,20;298,32;279,14;0,23;0,00;0,00
528,00;24,81;11308,75;0,03;7444,66;18,47;448,86;18,47;14401,65;0,93;15859,46;0,32;56,55;298,30;279,00;0,23;0,00;0,00
529,00;24,86;11333,61;0,06;7461,34;20,11;472,34;20,12;15719,61;0,93;17202,09;0,32;61,70;298,28;280,44;0,23;0,00;0,00
530,00;24,89;11358,50;0,03;7469,67;18,55;452,29;18,55;14513,77;0,93;15977,83;0,32;57,01;298,26;278,78;0,23;0,00;0,00
531,00;24,94;11383,44;0,06;7486,35;20,19;475,93;20,20;15836,33;0,93;17327,09;0,32;62,20;298,24;280,23;0,23;0,00;0,00
532,00;25,00;11408,44;0,06;7503,02;20,25;478,33;20,25;15914,50;0,93;17410,80;0,32;62,53;298,22;278,56;0,23;0,00;0,00
533,00;25,03;11433,47;0,03;7511,36;18,68;458,02;18,69;14702,06;0,93;16176,22;0,32;57,79;298,20;278,42;0,23;0,00;0,00
534,00;25,03;11458,50;0,00;7511,36;17,09;436,82;17,10;13450,44;0,92;14900,47;0,32;52,95;298,18;279,88;0,23;0,00;0,00
535,00;25,03;11483,53;0,00;7511,36;17,09;436,82;17,10;13450,44;0,92;14900,47;0,32;52,95;298,16;281,39;0,23;0,00;0,00
536,00;25,03;11508,56;0,00;7511,36;17,09;436,82;17,10;13450,44;0,92;14900,47;0,32;52,96;298,15;281,36;0,23;0,00;0,00
537,00;25,03;11533,58;0,00;7511,36;17,09;436,82;17,10;13450,44;0,92;14900,47;0,32;52,97;298,13;281,33;0,23;0,00;0,00
538,00;25,03;11558,61;0,00;7511,36;17,09;436,82;17,10;13450,44;0,92;14900,47;0,32;52,97;298,11;281,30;0,23;0,00;0,00
539,00;25,03;11583,64;0,00;7511,36;17,09;436,82;17,10;13450,44;0,92;14900,47;0,32;52,98;298,09;281,27;0,23;0,00;0,00
540,00;25,03;11608,67;0,00;7511,36;17,09;436,82;17,10;13450,44;0,92;14900,47;0,32;52,98;298,08;281,24;0,23;0,00;0,00
541,00;25,03;11633,69;0,00;7511,36;17,09;436,82;17,10;13450,44;0,92;14900,47;0,32;52,99;298,06;281,21;0,23;0,00;0,00
542,00;25,03;11658,72;0,00;7511,36;17,09;436,82;17,10;13450,44;0,92;14900,47;0,32;52,99;298,04;281,18;0,23;0,00;0,00
543,00;25,03;11683,75;0,00;7511,36;17,09;436,82;17,10;13450,44;0,92;14900,47;0,32;53,00;298,03;281,15;0,23;0,00;0,00
544,00;25,03;11708,78;0,00;7511,36;17,09;436,82;17,10;13450,44;0,92;14900,47;0,32;53,00;298,01;281,12;0,23;0,00;0,00
545,00;25,03;11733,81;0,00;7511,36;17,09;436,82;17,10;13450,44;0,92;14900,47;0,32;53,01;297,99;281,09;0,22;0,00;0,00
546,00;25,03;11758,83;0,00;7511,36;17,09;436,82;17,10;13450,44;0,92;14900,47;0,32;53,01;297,97;281,07;0,22;0,00;0,00
547,00;25,00;11783,83;-0,03;7503,02;15,48;414,52;15,48;12163,80;0,92;13573,22;0,32;48,02;297,96;281,04;0,22;0,00;0,00
548,00;25,00;11808,83;0,00;7503,02;17,07;435,69;17,07;13414,03;0,92;14861,48;0,32;52,88;297,94;282,60;0,22;0,00;0,00
549,00;25,00;11833,83;0,00;7503,02;17,07;435,69;17,07;13414,03;0,92;14861,48;0,32;52,88;297,92;281,03;0,22;0,00;0,00
550,00;24,94;11858,78;-0,06;7486,35;13,83;391,18;13,84;10846,51;0,91;12197,35;0,32;42,92;297,91;281,00;0,22;0,00;0,00
551,00;24,86;11883,64;-0,08;7461,34;12,16;366,88;12,16;9503,18;0,91;10776,51;0,32;37,70;297,89;284,16;0,22;0,00;0,00
552,00;24,78;11908,42;-0,08;7436,33;12,08;363,72;12,08;9407,94;0,91;10669,71;0,32;37,32;297,87;285,81;0,22;0,00;0,00
553,00;24,67;11933,08;-0,11;7402,98;10,38;338,61;10,38;8048,39;0,90;9212,83;0,32;32,03;297,86;285,91;0,22;0,00;0,00
554,00;24,64;11957,72;-0,03;7394,64;15,12;400,26;15,13;11714,98;0,92;13083,53;0,32;46,22;297,85;287,59;0,22;0,00;0,00
555,00;24,58;11982,31;-0,06;7377,97;13,48;377,24;13,48;10417,60;0,91;11722,29;0,32;41,18;297,84;283,03;0,22;0,00;0,00
556,00;24,56;12006,86;-0,03;7369,63;15,04;397,00;15,05;11613,10;0,92;12972,05;0,32;45,82;297,82;284,62;0,22;0,00;0,00
557,00;24,42;12031,28;-0,14;7327,95;8,54;308,88;8,55;6560,48;0,89;7688,08;0,32;26,58;297,81;283,11;0,22;0,00;0,00
558,00;24,31;12055,58;-0,11;7294,60;10,03;325,39;10,03;7664,76;0,90;8776,88;0,32;30,47;297,80;289,27;0,22;0,00;0,00
559,00;24,22;12079,81;-0,08;7269,59;11,54;342,92;11,55;8789,24;0,91;9974,10;0,32;34,80;297,79;288,00;0,22;0,00;0,00
560,00;24,19;12104,00;-0,03;7261,25;14,70;382,98;14,70;11178,93;0,92;12495,63;0,32;44,06;297,78;286,60;0,22;0,00;0,00
561,00;24,06;12128,06;-0,14;7219,57;8,20;296,13;8,20;6203,06;0,89;7294,35;0,32;25,18;297,77;283,61;0,22;0,00;0,00
562,00;23,86;12151,92;-0,19;7161,21;4,84;242,99;4,84;3628,82;0,83;4684,66;0,32;16,01;297,75;289,66;0,22;0,00;0,00
563,00;23,83;12175,75;-0,03;7152,88;14,35;369,15;14,36;10756,46;0,92;12030,11;0,32;42,34;297,74;292,60;0,22;0,00;0,00
564,00;23,75;12199,50;-0,08;7127,87;11,09;325,60;11,10;8285,17;0,91;9405,35;0,32;32,75;297,74;284,12;0,22;0,00;0,00
565,00;23,64;12223,14;-0,11;7094,52;9,40;301,55;9,40;6987,27;0,90;8046,02;0,32;27,86;297,72;287,19;0,22;0,00;0,00
566,00;23,44;12246,58;-0,19;7036,16;4,45;215,60;4,45;3279,53;0,76;4589,28;0,32;15,68;297,71;288,75;0,22;0,00;0,00
567,00;23,42;12270,00;-0,03;7027,83;13,97;353,42;13,97;10283,31;0,92;11506,63;0,32;40,42;297,70;292,66;0,22;0,00;0,00
568,00;23,33;12293,33;-0,08;7002,82;10,71;310,58;10,71;7856,73;0,91;8920,75;0,32;31,01;297,70;284,68;0,22;0,00;0,00
569,00;23,28;12316,61;-0,06;6986,14;12,25;328,58;12,25;8964,86;0,91;10102,60;0,32;35,28;297,69;287,70;0,22;0,00;0,00
570,00;23,25;12339,86;-0,03;6977,81;13,81;347,46;13,82;10098,30;0,92;11303,63;0,32;39,68;297,68;286,31;0,22;0,00;0,00
571,00;23,25;12363,11;0,00;6977,81;15,41;367,26;15,41;11261,01;0,92;12527,71;0,32;44,20;297,66;284,87;0,22;0,00;0,00
572,00;23,25;12386,36;0,00;6977,81;15,41;367,26;15,41;11261,01;0,92;12527,71;0,12;-78,84;297,65;292,23;0,22;0,00;0,00
573,00;23,25;12409,61;0,00;6977,81;15,41;367,26;15,41;11261,01;0,92;12527,71;0,09;-79,58;297,64;304,41;0,22;0,00;0,00
574,00;23,28;12432,89;0,03;6986,14;17,02;388,03;17,03;12457,18;0,92;13779,57;0,09;-75,54;297,66;304,50;0,22;0,00;0,00
575,00;23,25;12456,14;-0,03;6977,81;13,81;347,46;13,82;10098,30;0,92;11303,63;0,09;-83,44;297,69;304,36;0,22;0,00;0,00
576,00;23,25;12479,39;0,00;6977,81;15,41;367,26;15,41;11261,01;0,92;12527,71;0,09;-79,46;297,71;305,27;0,22;0,00;0,00
577,00;23,19;12502,58;-0,06;6961,13;12,17;325,84;12,18;8877,22;0,91;10007,82;0,09;-87,45;297,74;305,12;0,22;0,00;0,00
578,00;23,06;12525,64;-0,14;6919,45;7,27;262,77;7,28;5273,50;0,88;6273,76;0,10;-99,22;297,77;306,10;0,22;0,00;0,00
579,00;22,97;12548,61;-0,08;6894,44;10,38;299,01;10,38;7497,60;0,91;8531,80;0,10;-92,01;297,80;307,48;0,22;0,00;0,00
580,00;22,83;12571,44;-0,14;6852,76;7,07;256,14;7,08;5078,69;0,88;6066,18;0,10;-99,71;297,83;307,02;0,22;0,00;0,00
581,00;22,67;12594,11;-0,17;6802,74;5,33;232,12;5,34;3801,78;0,86;4703,43;0,10;-103,91;297,86;308,05;0,22;0,00;0,00
582,00;22,50;12616,61;-0,17;6752,72;5,19;227,37;5,19;3669,09;0,86;4557,04;0,10;-104,28;297,89;308,75;0,22;0,00;0,00
583,00;22,25;12638,86;-0,25;6677,69;0,19;8,49;0,19;134,56;0,03;4365,61;0,11;-104,83;297,92;308,94;0,22;0,00;0,00
584,00;22,03;12660,89;-0,22;6610,99;1,59;68,92;1,59;1101,28;0,27;4325,01;0,11;-104,90;297,96;309,15;0,23;0,00;0,00
585,00;21,78;12682,67;-0,25;6535,96;-0,22;9,39;-0,22;-148,18;0,04;294,61;0,11;-117,37;297,99;309,31;0,23;0,00;0,00
586,00;21,56;12704,22;-0,22;6469,27;1,18;49,38;1,19;803,23;0,20;4238,72;0,11;-105,07;298,03;310,82;0,23;0,00;0,00
587,00;21,50;12725,72;-0,06;6452,60;10,68;272,24;10,69;7221,81;0,91;8220,81;0,11;-92,57;298,07;309,64;0,23;0,00;0,00
588,00;21,44;12747,17;-0,06;6435,92;10,64;270,55;10,64;7171,51;0,91;8166,58;0,11;-92,70;298,10;308,40;0,23;0,00;0,00
589,00;21,44;12768,61;0,00;6435,92;13,82;307,30;13,82;9316,36;0,92;10428,65;0,11;-85,55;298,13;308,55;0,23;0,00;0,00
590,00;21,50;12790,11;0,06;6452,60;17,05;345,91;17,05;11522,62;0,93;12717,07;0,11;-78,29;298,16;307,88;0,23;0,00;0,00
591,00;21,64;12811,75;0,14;6494,28;21,94;408,34;21,94;14923,69;0,94;16249,14;0,11;-67,04;298,19;307,17;0,23;0,00;0,00
592,00;21,86;12833,61;0,22;6560,97;26,90;478,10;26,91;18487,48;0,94;20036,97;0,12;-54,90;298,21;305,98;0,23;0,00;0,00
593,00;21,92;12855,53;0,06;6577,65;17,40;360,05;17,41;11991,11;0,93;13222,20;0,12;-76,62;298,24;304,63;0,23;0,00;0,00
594,00;21,94;12877,47;0,03;6585,98;15,84;342,23;15,84;10925,41;0,92;12122,75;0,12;-80,08;298,25;307,22;0,23;0,00;0,00
595,00;21,94;12899,42;0,00;6585,98;14,24;323,46;14,25;9827,98;0,92;10979,57;0,12;-83,66;298,28;307,70;0,23;0,00;0,00
596,00;21,92;12921,33;-0,03;6577,65;12,63;303,81;12,63;8702,99;0,92;9797,11;0,12;-87,35;298,30;308,19;0,23;0,00;0,00
597,00;21,92;12943,25;0,00;6577,65;14,22;322,56;14,23;9799,03;0,92;10948,37;0,12;-83,72;298,33;308,71;0,23;0,00;0,00
598,00;21,86;12965,11;-0,06;6560,97;10,99;283,34;11,00;7554,79;0,91;8579,87;0,12;-91,12;298,36;308,35;0,23;0,00;0,00
599,00;21,72;12986,83;-0,14;6519,29;6,10;223,99;6,10;4166,54;0,87;5083,46;0,12;-101,97;298,39;309,32;0,23;0,00;0,00
600,00;21,58;13008,42;-0,14;6477,61;5,98;220,09;5,98;4059,62;0,87;4967,05;0,12;-102,30;298,42;310,71;0,23;0,00;0,00
601,00;21,44;13029,86;-0,14;6435,92;5,86;216,22;5,87;3954,25;0,87;4852,06;0,12;-102,63;298,45;310,84;0,24;0,00;0,00
602,00;21,42;13051,28;-0,03;6427,59;12,20;288,06;12,21;8217,49;0,92;9274,18;0,12;-88,85;298,48;310,97;0,24;0,00;0,00
603,00;21,36;13072,64;-0,06;6410,91;10,57;268,02;10,57;7096,52;0,91;8085,74;0,12;-92,55;298,52;309,33;0,24;0,00;0,00
604,00;21,33;13093,97;-0,03;6402,58;12,13;285,46;12,14;8138,51;0,92;9189,16;0,12;-89,10;298,55;309,80;0,24;0,00;0,00
605,00;21,42;13115,39;0,08;6427,59;18,57;361,46;18,57;12501,62;0,93;13712,98;0,12;-74,89;298,58;309,41;0,24;0,00;0,00
606,00;21,58;13136,97;0,17;6477,61;23,48;426,54;23,49;15932,72;0,94;17315,11;0,12;-63,47;298,61;307,71;0,24;0,00;0,00
607,00;21,92;13158,89;0,33;6577,65;33,31;562,44;33,32;22951,66;0,94;24751,42;0,12;-39,56;298,63;306,34;0,24;0,00;0,00
608,00;21,94;13180,83;0,03;6585,98;15,84;342,23;15,84;10925,41;0,92;12122,75;0,12;-79,89;298,65;303,46;0,24;0,00;0,00
609,00;21,92;13202,75;-0,03;6577,65;12,63;303,81;12,63;8702,99;0,92;9797,11;0,12;-87,18;298,66;308,37;0,24;0,00;0,00
610,00;21,86;13224,61;-0,06;6560,97;10,99;283,34;11,00;7554,79;0,91;8579,87;0,12;-90,97;298,69;309,28;0,24;0,00;0,00
611,00;21,44;13246,06;-0,42;6435,92;-10,05;269,70;-10,04;-6767,39;0,91;-5829,66;0,12;-135,14;298,72;309,77;0,24;0,00;0,00
612,00;21,06;13267,11;-0,39;6319,21;-8,78;247,03;-8,78;-5807,21;0,89;-4871,02;0,12;-132,23;298,75;315,16;0,24;0,00;0,00
613,00;20,67;13287,78;-0,39;6202,50;-9,10;242,79;-9,09;-5907,25;0,90;-4990,93;0,12;-132,58;298,79;314,84;0,24;0,00;0,00
614,00;20,61;13308,39;-0,06;6185,82;9,95;245,64;9,95;6446,12;0,91;7387,45;0,12;-94,64;298,84;314,92;0,24;0,00;0,00
615,00;20,61;13329,00;0,00;6185,82;13,13;281,06;13,13;8507,62;0,92;9559,30;0,12;-87,87;298,88;310,36;0,24;0,00;0,00
616,00;20,67;13349,67;0,06;6202,50;16,36;318,31;16,36;10626,92;0,93;11753,95;0,12;-80,99;298,91;309,56;0,25;0,00;0,00
617,00;20,97;13370,64;0,31;6294,20;30,92;502,39;30,93;20388,45;0,94;21973,65;0,12;-48,50;298,94;308,75;0,25;0,00;0,00
618,00;21,36;13392,00;0,39;6410,91;36,02;578,74;36,03;24188,82;0,94;25999,04;0,12;-35,47;298,97;304,84;0,25;0,00;0,00
619,00;21,92;13413,92;0,56;6577,65;46,04;726,69;46,05;31720,13;0,94;33940,78;0,12;-9,38;298,98;303,28;0,25;0,00;0,00
620,00;22,22;13436,14;0,31;6669,35;31,99;554,96;31,99;22345,64;0,94;24140,31;0,12;-41,50;298,99;300,13;0,25;0,00;0,00
621,00;22,61;13458,75;0,39;6786,06;37,10;635,06;37,11;26372,84;0,94;28420,73;0,12;-27,57;299,00;304,02;0,25;0,00;0,00
622,00;23,03;13481,78;0,42;6911,11;39,07;675,77;39,08;28281,24;0,94;30474,77;0,31;115,68;299,01;307,49;0,25;0,00;0,00
623,00;23,33;13505,11;0,31;7002,82;32,98;603,58;32,99;24193,28;0,93;26193,71;0,08;89,89;299,02;289,20;0,25;0,00;0,00
624,00;23,56;13528,67;0,22;7069,51;28,41;548,67;28,42;21041,42;0,93;22857,10;0,08;78,19;298,98;291,35;0,25;0,00;0,00
625,00;23,69;13552,36;0,14;7111,19;23,77;489,11;23,78;17706,76;0,93;19313,78;0,09;65,89;298,95;292,04;0,24;0,00;0,00
626,00;23,97;13576,33;0,28;7194,56;31,99;612,35;31,99;24104,91;0,93;26108,30;0,09;89,82;298,93;292,87;0,24;0,00;0,00
627,00;24,14;13600,47;0,17;7244,58;25,78;531,02;25,79;19563,44;0,93;21292,41;0,10;72,93;298,90;290,34;0,24;0,00;0,00
628,00;24,19;13624,67;0,06;7261,25;19,47;444,60;19,48;14808,77;0,93;16246,12;0,10;55,37;298,87;291,66;0,24;0,00;0,00
629,00;24,31;13648,97;0,11;7294,60;22,76;493,62;22,76;17388,82;0,93;18979,16;0,10;64,95;298,85;293,18;0,24;0,00;0,00
630,00;24,44;13673,42;0,14;7336,28;24,48;522,31;24,49;18813,01;0,93;20496,55;0,11;70,34;298,83;291,95;0,24;0,00;0,00
631,00;24,64;13698,06;0,19;7394,64;27,85;576,55;27,86;21572,47;0,93;23431,05;0,11;80,81;298,81;291,10;0,24;0,00;0,00
632,00;24,78;13722,83;0,14;7436,33;24,80;537,34;24,81;19320,96;0,93;21039,46;0,11;72,40;298,79;289,65;0,24;0,00;0,00
633,00;24,78;13747,61;0,00;7436,33;16,85;426,72;16,85;13125,30;0,92;14551,68;0,12;49,73;298,76;289,78;0,24;0,00;0,00
634,00;24,58;13772,19;-0,19;7377,97;5,52;273,48;5,53;4270,62;0,85;5298,77;0,14;17,88;298,74;292,02;0,24;0,00;0,00
635,00;24,36;13796,56;-0,22;7311,27;3,72;194,81;3,72;2849,33;0,63;4800,23;0,15;16,20;298,72;296,11;0,24;0,00;0,00
636,00;23,97;13820,53;-0,39;7194,56;-6,20;274,55;-6,19;-4665,46;0,85;-3655,94;0,11;-12,19;298,72;296,96;0,24;0,00;0,00
637,00;23,47;13844,00;-0,50;7044,50;-13,03;351,72;-13,02;-9605,91;0,91;-8428,11;0,09;-27,99;298,71;299,75;0,24;0,00;0,00
638,00;22,44;13866,44;-1,03;6736,04;-44,18;758,22;-44,17;-31157,68;0,94;-29009,92;0,09;-94,57;298,72;301,10;0,24;0,00;0,00
639,00;21,56;13888,00;-0,89;6469,27;-37,00;625,08;-36,99;-25057,13;0,94;-23277,99;0,09;-76,22;298,72;306,99;0,24;0,00;0,00
640,00;20,78;13908,78;-0,78;6235,84;-31,28;521,94;-31,27;-20421,25;0,94;-18924,55;0,09;-62,18;298,76;305,59;0,24;0,00;0,00
641,00;20,67;13929,44;-0,11;6202,50;6,81;212,41;6,81;4425,75;0,88;5339,93;0,10;17,98;298,78;304,72;0,24;0,00;0,00
642,00;20,56;13950,00;-0,11;6169,15;6,72;209,35;6,72;4343,74;0,88;5251,61;0,08;17,66;298,80;297,27;0,24;0,00;0,00
643,00;20,56;13970,56;0,00;6169,15;13,08;279,34;13,09;8455,61;0,92;9503,46;0,08;32,10;298,79;297,29;0,24;0,00;0,00
644,00;20,69;13991,25;0,14;6210,83;21,15;373,82;21,16;13760,67;0,94;14965,88;0,09;50,85;298,79;295,95;0,24;0,00;0,00
645,00;20,92;14012,17;0,22;6277,53;26,11;440,97;26,11;17166,19;0,94;18576,25;0,09;63,41;298,78;294,10;0,24;0,00;0,00
646,00;21,22;14033,39;0,31;6369,23;31,13;512,73;31,14;20769,93;0,94;22395,18;0,10;76,85;298,76;292,70;0,24;0,00;0,00
647,00;21,56;14054,94;0,33;6469,27;33,00;546,89;33,01;22364,24;0,94;24100,74;0,10;82,96;298,74;291,12;0,24;0,00;0,00
648,00;21,81;14076,75;0,25;6544,30;28,44;496,32;28,45;19498,29;0,94;21100,96;0,10;72,44;298,72;290,19;0,24;0,00;0,00
649,00;22,14;14098,89;0,33;6644,34;33,50;572,10;33,51;23318,41;0,94;25158,09;0,11;86,92;298,69;290,99;0,24;0,00;0,00
650,00;22,44;14121,33;0,31;6736,04;32,18;564,54;32,19;22706,86;0,94;24541,26;0,11;84,82;298,67;289,11;0,24;0,00;0,00
651,00;22,67;14144,00;0,22;6802,74;27,61;510,74;27,61;19671,50;0,93;21350,06;0,11;73,55;298,64;289,01;0,24;0,00;0,00
652,00;22,83;14166,83;0,17;6852,76;24,57;475,05;24,58;17639,42;0,93;19206,15;0,12;66,15;298,61;289,42;0,24;0,00;0,00
653,00;23,11;14189,94;0,28;6936,12;31,19;572,17;31,20;22659,57;0,93;24551,15;0,14;85,57;298,59;289,56;0,24;0,00;0,00
654,00;23,33;14213,28;0,22;7002,82;28,21;538,50;28,22;20692,57;0,93;22484,73;0,15;78,35;298,56;285,90;0,24;0,00;0,00
655,00;23,47;14236,75;0,14;7044,50;23,56;479,43;23,57;17388,55;0,93;18973,46;0,16;65,88;298,54;286,02;0,24;0,00;0,00
656,00;23,28;14260,03;-0,19;6986,14;4,29;205,26;4,30;3144,06;0,74;4553,41;0,17;15,39;298,51;287,20;0,24;0,00;0,00
657,00;23,06;14283,08;-0,22;6919,45;2,50;117,57;2,50;1813,58;0,43;4512,81;0,18;15,26;298,49;295,66;0,24;0,00;0,00
658,00;22,83;14305,92;-0,22;6852,76;2,30;106,32;2,30;1652,04;0,40;4472,20;0,20;15,13;298,48;295,50;0,24;0,00;0,00
659,00;22,81;14328,72;-0,03;6844,42;13,41;332,64;13,42;9616,59;0,92;10782,83;0,21;37,08;298,48;295,34;0,24;0,00;0,00
660,00;22,81;14351,53;0,00;6844,42;15,00;352,09;15,01;10757,08;0,92;11982,38;0,22;41,40;298,47;290,36;0,24;0,00;0,00
661,00;22,83;14374,36;0,03;6852,76;16,62;372,50;16,62;11929,96;0,92;13208,09;0,23;45,88;298,46;288,90;0,23;0,00;0,00
662,00;22,97;14397,33;0,14;6894,44;23,11;459,18;23,11;16688,25;0,93;18204,04;0,24;64,32;298,45;287,46;0,23;0,00;0,00
663,00;23,11;14420,44;0,14;6936,12;23,23;464,62;23,24;16880,62;0,93;18417,71;0,25;65,26;298,43;282,47;0,23;0,00;0,00
664,00;23,25;14443,69;0,14;6977,81;23,36;470,10;23,37;17074,64;0,93;18633,33;0,26;66,22;298,41;281,65;0,23;0,00;0,00
665,00;23,33;14467,03;0,08;7002,82;20,25;430,04;20,26;14858,04;0,93;16274,90;0,27;57,48;298,39;280,81;0,23;0,00;0,00
666,00;23,47;14490,50;0,14;7044,50;23,56;479,43;23,57;17388,55;0,93;18973,46;0,27;67,82;298,37;282,61;0,23;0,00;0,00
667,00;23,61;14514,11;0,14;7086,18;23,69;485,47;23,70;17586,92;0,93;19185,63;0,28;68,79;298,35;279,19;0,23;0,00;0,00
668,00;23,56;14537,67;-0,06;7069,51;12,50;338,60;12,51;9261,34;0,91;10433,00;0,29;36,25;298,33;278,31;0,23;0,00;0,00
669,00;23,53;14561,19;-0,03;7061,17;14,07;357,59;14,08;10408,00;0,92;11644,79;0,30;40,70;298,31;287,45;0,23;0,00;0,00
670,00;23,39;14584,58;-0,14;7019,49;7,58;273,09;7,58;5573,66;0,89;6595,51;0,31;22,64;298,29;285,78;0,23;0,00;0,00
671,00;23,39;14607,97;0,00;7019,49;15,53;372,28;15,54;11421,97;0,92;12703,01;0,32;44,70;298,28;291,14;0,23;0,00;0,00
672,00;23,42;14631,39;0,03;7027,83;17,15;393,27;17,16;12625,42;0,92;13961,62;0,32;49,39;298,27;284,16;0,23;0,00;0,00
673,00;23,47;14654,86;0,06;7044,50;18,79;415,41;18,80;13867,01;0,93;15251,15;0,32;54,25;298,26;282,66;0,23;0,00;0,00
674,00;23,56;14678,42;0,08;7069,51;20,46;439,31;20,47;15151,34;0,93;16589,04;0,32;59,36;298,24;281,10;0,23;0,00;0,00
675,00;23,56;14701,97;0,00;7069,51;15,69;378,67;15,69;11617,34;0,92;12916,76;0,32;45,51;298,22;279,46;0,23;0,00;0,00
676,00;23,42;14725,39;-0,14;7027,83;7,60;274,04;7,61;5599,11;0,89;6623,89;0,32;22,76;298,21;283,81;0,23;0,00;0,00
677,00;23,28;14748,67;-0,14;6986,14;7,48;269,48;7,48;5472,54;0,88;6485,04;0,32;22,27;298,19;290,98;0,23;0,00;0,00
678,00;23,11;14771,78;-0,17;6936,12;5,73;244,99;5,74;4167,10;0,87;5104,29;0,32;17,44;298,18;291,13;0,23;0,00;0,00
679,00;22,83;14794,61;-0,28;6852,76;-0,88;41,58;-0,88;-632,00;0,15;206,49;0,32;0,69;298,18;292,65;0,23;0,00;0,00
680,00;22,58;14817,19;-0,25;6777,73;0,49;22,04;0,49;345,37;0,08;4426,52;0,32;15,09;298,17;297,95;0,23;0,00;0,00
681,00;22,39;14839,58;-0,19;6719,37;3,50;156,06;3,50;2461,72;0,60;4390,99;0,32;14,96;298,17;293,39;0,23;0,00;0,00
682,00;22,25;14861,83;-0,14;6677,69;6,56;239,05;6,56;4587,09;0,88;5538,82;0,32;18,96;298,16;293,42;0,23;0,00;0,00
683,00;22,22;14884,06;-0,03;6669,35;12,90;313,60;12,90;9009,66;0,92;10127,73;0,32;35,29;298,16;292,15;0,23;0,00;0,00
684,00;22,17;14906,22;-0,06;6652,68;11,26;292,87;11,26;7844,79;0,91;8892,71;0,32;30,84;298,15;286,97;0,23;0,00;0,00
685,00;22,14;14928,36;-0,03;6644,34;12,82;310,92;12,83;8925,26;0,92;10036,72;0,32;34,96;298,14;288,36;0,23;0,00;0,00
686,00;22,14;14950,50;0,00;6644,34;14,41;329,84;14,42;10032,42;0,92;11199,96;0,32;39,20;298,13;287,04;0,23;0,00;0,00
687,00;22,22;14972,72;0,08;6669,35;19,26;389,55;19,27;13454,94;0,93;14742,93;0,32;52,37;298,12;285,68;0,23;0,00;0,00
688,00;22,36;14995,08;0,14;6711,03;22,56;435,57;22,57;15861,22;0,93;17286,65;0,32;62,09;298,11;281,48;0,23;0,00;0,00
689,00;22,44;15017,53;0,08;6736,04;19,45;397,45;19,46;13727,25;0,93;15038,02;0,32;53,50;298,09;278,37;0,23;0,00;0,00
690,00;22,61;15040,14;0,17;6786,06;24,37;466,26;24,38;17326,54;0,93;18858,85;0,32;68,24;298,07;281,06;0,23;0,00;0,00
691,00;22,83;15062,97;0,22;6852,76;27,76;517,61;27,76;19923,22;0,93;21629,70;0,32;79,28;298,05;276,35;0,23;0,00;0,00
692,00;23,06;15086,03;0,22;6919,45;27,96;526,84;27,96;20262,51;0,93;22006,89;0,32;80,82;298,03;272,79;0,23;0,00;0,00
693,00;23,19;15109,22;0,14;6961,13;23,31;467,90;23,32;16996,83;0,93;18546,85;0,32;67,04;298,00;272,25;0,22;0,00;0,00
694,00;23,25;15132,47;0,06;6977,81;18,59;406,85;18,59;13586,45;0,93;14950,40;0,32;53,20;297,98;276,60;0,22;0,00;0,00
695,00;23,28;15155,75;0,03;6986,14;17,02;388,03;17,03;12457,18;0,92;13779,57;0,32;48,80;297,96;280,98;0,22;0,00;0,00
696,00;23,42;15179,17;0,14;7027,83;23,51;477,03;23,52;17309,67;0,93;18889,09;0,32;68,42;297,94;282,36;0,22;0,00;0,00
697,00;23,64;15202,81;0,22;7094,52;28,49;552,50;28,50;21173,36;0,93;22997,90;0,32;84,93;297,92;276,06;0,22;0,00;0,00
698,00;23,83;15226,64;0,19;7152,88;27,08;539,38;27,09;20291,66;0,93;22063,69;0,32;81,13;297,90;270,74;0,22;0,00;0,00
699,00;24,00;15250,64;0,17;7202,90;25,65;524,76;25,66;19351,64;0,93;21066,12;0,32;77,11;297,87;271,91;0,22;0,00;0,00
700,00;24,22;15274,86;0,22;7269,59;29,04;579,61;29,05;22114,06;0,93;24001,68;0,32;89,13;297,85;273,14;0,22;0,00;0,00
701,00;24,36;15299,22;0,14;7311,27;24,40;518,57;24,41;18687,60;0,93;20362,50;0,32;74,32;297,82;269,24;0,22;0,00;0,00
702,00;24,50;15323,72;0,14;7352,96;24,53;524,80;24,54;18896,96;0,93;20586,29;0,32;75,23;297,79;273,94;0,22;0,00;0,00
703,00;24,58;15348,31;0,08;7377,97;21,43;483,14;21,44;16564,59;0,93;18102,20;0,32;65,41;297,77;273,60;0,22;0,00;0,00
704,00;24,81;15373,11;0,22;7444,66;29,60;607,24;29,61;23085,33;0,93;25037,71;0,32;93,54;297,74;276,71;0,22;0,00;0,00
705,00;25,00;15398,11;0,19;7503,02;28,20;593,53;28,21;22165,76;0,93;24064,21;0,32;89,48;297,72;267,63;0,22;0,00;0,00
706,00;25,08;15423,19;0,08;7528,03;21,92;505,05;21,93;17286,70;0,93;18875,02;0,32;68,48;297,69;268,87;0,22;0,00;0,00
707,00;25,17;15448,36;0,08;7553,04;22,00;508,74;22,01;17409,30;0,93;19006,20;0,32;69,01;297,66;275,58;0,22;0,00;0,00
708,00;25,22;15473,58;0,06;7569,71;20,47;487,99;20,47;16230,03;0,93;17748,68;0,12;-62,27;297,64;289,18;0,22;0,00;0,00
709,00;25,25;15498,83;0,03;7578,05;18,90;467,25;18,91;15007,06;0,93;16496,49;0,09;-66,79;297,62;302,97;0,22;0,00;0,00
710,00;25,33;15524,17;0,08;7603,06;22,17;516,15;22,18;17656,45;0,93;19270,64;0,09;-57,79;297,64;303,38;0,22;0,00;0,00
711,00;25,44;15549,61;0,11;7636,41;23,87;544,52;23,88;19095,15;0,93;20803,92;0,09;-52,77;297,66;302,76;0,22;0,00;0,00
712,00;25,47;15575,08;0,03;7644,74;19,13;476,55;19,13;15316,68;0,93;16820,24;0,09;-65,66;297,68;302,46;0,22;0,00;0,00
713,00;25,61;15600,69;0,14;7686,43;25,63;575,67;25,64;20635,81;0,93;22444,30;0,09;-47,38;297,70;303,80;0,22;0,00;0,00
714,00;25,81;15626,50;0,19;7744,78;29,01;632,16;29,02;23533,10;0,93;25522,89;0,10;-37,29;297,72;302,23;0,22;0,00;0,00
715,00;26,03;15652,53;0,22;7811,48;30,83;666,87;30,83;25222,80;0,93;27316,38;0,10;-31,38;297,73;301,37;0,22;0,00;0,00
716,00;26,28;15678,81;0,25;7886,51;32,67;703,43;32,68;26991,71;0,93;29192,00;0,10;-25,19;297,74;300,88;0,22;0,00;0,00
717,00;26,42;15705,22;0,14;7928,19;26,45;613,79;26,46;21969,53;0,93;23868,56;0,10;-42,66;297,75;300,33;0,22;0,00;0,00
718,00;26,47;15731,69;0,06;7944,86;21,74;543,77;21,75;18092,20;0,93;19741,81;0,10;-56,04;297,76;302,23;0,22;0,00;0,00
719,00;26,42;15758,11;-0,06;7928,19;15,32;450,07;15,32;12721,90;0,91;14250,00;0,11;-73,65;297,78;303,71;0,22;0,00;0,00
720,00;26,28;15784,39;-0,14;7886,51;10,40;377,83;10,41;8593,69;0,89;9914,78;0,11;-87,39;297,80;305,67;0,22;0,00;0,00
721,00;26,14;15810,53;-0,14;7844,82;10,26;372,49;10,26;8430,59;0,89;9729,44;0,11;-87,94;297,82;307,27;0,22;0,00;0,00
722,00;25,97;15836,50;-0,17;7794,80;8,50;344,28;8,50;6938,50;0,88;8214,13;0,11;-92,68;297,85;307,46;0,22;0,00;0,00
723,00;25,81;15862,31;-0,17;7744,78;8,33;338,11;8,33;6756,26;0,88;8013,31;0,11;-93,27;297,88;308,11;0,22;0,00;0,00
724,00;25,61;15887,92;-0,19;7686,43;6,54;309,43;6,54;5266,22;0,86;6445,31;0,11;-98,14;297,91;308,31;0,22;0,00;0,00
725,00;25,53;15913,44;-0,08;7661,42;12,82;392,53;12,82;10288,31;0,91;11653,83;0,11;-81,73;297,94;308,99;0,22;0,00;0,00
726,00;25,39;15938,83;-0,14;7619,73;9,50;344,21;9,50;7581,95;0,89;8799,87;0,11;-90,68;297,97;307,27;0,23;0,00;0,00
727,00;25,25;15964,08;-0,14;7578,05;9,36;339,07;9,36;7430,65;0,89;8636,51;0,11;-91,16;298,00;308,42;0,23;0,00;0,00
728,00;25,11;15989,19;-0,14;7536,37;9,22;333,97;9,23;7281,16;0,89;8474,64;0,12;-91,63;298,03;308,61;0,23;0,00;0,00
729,00;24,81;16014,00;-0,31;7444,66;-0,62;34,59;-0,62;-486,23;0,10;250,13;0,12;-117,11;298,06;308,74;0,23;0,00;0,00
730,00;24,42;16038,42;-0,39;7327,95;-5,77;278,92;-5,77;-4427,35;0,84;-3408,48;0,12;-128,27;298,09;311,82;0,23;0,00;0,00
731,00;24,19;16062,61;-0,22;7261,25;3,56;183,94;3,56;2708,69;0,61;4761,57;0,12;-103,12;298,12;313,23;0,23;0,00;0,00
732,00;24,00;16086,61;-0,19;7202,90;4,97;252,50;4,97;3748,66;0,85;4716,64;0,12;-103,23;298,17;310,37;0,23;0,00;0,00
733,00;23,78;16110,39;-0,22;7136,20;3,17;157,99;3,17;2367,98;0,54;4665,52;0,12;-103,36;298,20;310,48;0,23;0,00;0,00
734,00;23,64;16134,03;-0,14;7094,52;7,81;281,65;7,81;5805,11;0,89;6853,27;0,12;-96,53;298,23;310,58;0,23;0,00;0,00
735,00;23,47;16157,50;-0,17;7044,50;6,06;256,18;6,07;4476,38;0,87;5448,57;0,12;-100,87;298,27;309,86;0,23;0,00;0,00
736,00;23,25;16180,75;-0,22;6977,81;2,68;127,74;2,68;1958,39;0,46;4548,34;0,12;-103,63;298,30;310,47;0,23;0,00;0,00
737,00;22,94;16203,69;-0,31;6886,10;-2,37;112,87;-2,37;-1709,37;0,40;-380,74;0,12;-118,75;298,33;310,90;0,23;0,00;0,00
738,00;22,58;16226,28;-0,36;6777,73;-5,88;242,15;-5,87;-4168,89;0,85;-3247,19;0,12;-127,45;298,37;312,83;0,23;0,00;0,00
739,00;22,14;16248,42;-0,44;6644,34;-11,04;296,58;-11,04;-7679,06;0,91;-6662,34;0,12;-137,76;298,40;313,92;0,23;0,00;0,00
740,00;21,69;16270,11;-0,44;6510,95;-11,42;291,77;-11,42;-7786,16;0,91;-6778,78;0,12;-138,10;298,45;315,22;0,24;0,00;0,00
741,00;21,28;16291,39;-0,42;6385,90;-10,19;267,91;-10,18;-6808,45;0,91;-5873,11;0,12;-135,35;298,49;315,29;0,24;0,00;0,00
742,00;20,92;16312,31;-0,36;6277,53;-7,30;227,38;-7,30;-4798,65;0,87;-3879,23;0,12;-129,30;298,54;315,00;0,24;0,00;0,00
743,00;20,39;16332,69;-0,53;6119,13;-17,28;331,20;-17,27;-11067,81;0,93;-9999,98;0,12;-147,71;298,58;314,30;0,24;0,00;0,00
744,00;19,75;16352,44;-0,64;5927,38;-24,15;399,25;-24,14;-14983,23;0,94;-13795,53;0,12;-159,00;298,62;316,58;0,24;0,00;0,00
745,00;19,00;16371,44;-0,75;5702,29;-31,08;465,29;-31,07;-18554,72;0,94;-17175,07;0,12;-168,96;298,67;317,99;0,24;0,00;0,00
746,00;17,53;16388,97;-1,47;5260,45;-73,50;947,36;-73,48;-40480,13;0,94;-37839,25;0,12;-228,49;298,72;319,24;0,24;0,00;0,00
747,00;16,06;16405,03;-1,47;4818,61;-74,47;881,33;-74,46;-37570,64;0,94;-35073,24;0,12;-220,64;298,78;326,51;0,24;0,00;0,00
748,00;14,58;16419,61;-1,47;4376,76;-75,36;814,93;-75,34;-34532,08;0,94;-32180,35;0,12;-212,37;298,85;325,61;0,24;0,00;0,00
749,00;13,11;16432,72;-1,47;3934,92;-76,16;746,51;-76,14;-31376,30;0,94;-29155,51;0,12;-203,68;298,92;324,67;0,25;0,00;0,00
750,00;11,97;16444,69;-1,14;3593,11;-57,64;509,34;-57,62;-21680,80;0,93;-19969,33;0,12;-177,03;298,99;323,67;0,25;0,00;0,00
751,00;10,94;16455,64;-1,03;3284,65;-51,73;415,78;-51,72;-17790,59;0,93;-16288,58;0,12;-166,19;299,06;320,49;0,25;0,00;0,00
752,00;9,61;16465,25;-1,33;2884,49;-69,77;516,91;-69,76;-21070,49;0,92;-19091,51;0,12;-174,40;299,12;319,23;0,25;0,00;0,00
753,00;8,72;16473,97;-0,89;2617,72;-44,64;290,72;-44,63;-12233,83;0,91;-10863,32;0,12;-150,07;299,17;320,27;0,25;0,00;0,00
754,00;7,78;16481,75;-0,94;2334,27;-48,13;283,20;-48,12;-11761,59;0,91;-10356,67;0,12;-148,54;299,23;317,37;0,25;0,00;0,00
755,00;6,75;16488,50;-1,03;2025,82;-53,19;280,73;-53,18;-11281,80;0,90;-9848,10;0,12;-147,00;299,28;317,23;0,25;0,00;0,00
756,00;5,56;16494,06;-1,19;1667,34;-63,03;292,27;-63,01;-11001,91;0,88;-9334,41;0,12;-145,45;299,33;317,08;0,25;0,00;0,00
757,00;4,33;16498,39;-1,22;1300,52;-64,86;247,21;-64,84;-8830,32;0,84;-7127,33;0,12;-138,81;299,37;316,94;0,26;0,00;0,00
758,00;3,14;16501,53;-1,19;942,05;-63,44;186,01;-63,42;-6256,62;0,78;-4606,85;0,12;-15,29;299,42;316,18;0,26;0,00;0,00
759,00;2,22;16503,75;-0,92;666,93;-47,63;98,05;-47,61;-3325,47;0,70;-2014,41;0,12;-6,71;299,47;301,31;0,26;0,00;0,00
760,00;1,47;16505,22;-0,75;441,84;-38,14;50,01;-38,13;-1764,15;0,44;-469,08;0,12;-1,57;299,47;300,28;0,26;0,00;0,00
761,00;0,89;16506,11;-0,58;266,77;-28,62;12,04;-28,62;-799,43;-0,16;426,70;0,30;1,43;299,47;299,95;0,26;0,00;0,00
762,00;0,31;16506,42;-0,58;91,70;-28,63;-9,92;-28,65;-275,09;-0,66;482,75;0,08;1,61;299,48;299,35;0,26;0,00;0,00
763,00;0,00;16506,42;-0,31;0,00;-12,73;0,00;0,00;0,00;0,00;300,00;0,08;1,00;299,47;299,34;0,26;0,00;0,00
764,00;0,00;16506,42;0,00;0,00;4,77;0,00;0,00;0,00;0,00;300,00;0,09;1,00;299,47;299,39;0,26;0,00;0,00
